logg,logT,mass,tau,R
7.0,4.9,0.496,1.3E-4,0.03854
7.0,4.88,0.488,1.5E-4,0.038093
7.0,4.86,0.481,1.7E-4,0.037625
7.0,4.84,0.475,1.7E-4,0.037147
7.0,4.82,0.468,1.7E-4,0.036662
7.0,4.8,0.462,1.5E-4,0.036157
7.0,4.78,0.455,1.0E-4,0.035575
7.0,4.76,0.447,7.0E-5,0.035035
7.0,4.74,0.442,8.0E-5,0.034842
7.0,4.72,0.438,7.0E-5,0.034676
7.0,4.7,0.425,3.0E-5,0.034109
7.0,4.68,0.369,2.0E-5,0.031764
7.0,4.66,0.36,2.0E-5,0.031496
7.0,4.64,0.358,3.0E-5,0.031446
7.0,4.62,0.355,3.0E-5,0.031369
7.0,4.6,0.353,4.0E-5,0.031273
7.0,4.58,0.35,5.0E-5,0.031161
7.0,4.56,0.347,6.0E-5,0.031038
7.0,4.54,0.345,8.0E-5,0.030906
7.0,4.52,0.342,1.0E-4,0.030768
7.0,4.5,0.339,1.3E-4,0.030627
7.0,4.48,0.337,1.6E-4,0.030482
7.0,4.46,0.334,2.0E-4,0.030335
7.0,4.44,0.331,2.6E-4,0.030186
7.0,4.42,0.328,3.4E-4,0.030033
7.0,4.4,0.325,4.5E-4,0.029875
7.0,4.38,0.322,6.0E-4,0.029711
7.0,4.36,0.312,7.5E-4,0.029217
7.0,4.34,0.299,8.8E-4,0.02856
7.0,4.32,0.288,0.00104,0.028033
7.0,4.3,0.278,0.00122,0.027588
7.0,4.28,0.271,9.2E-4,0.02723
7.0,4.26,0.27,0.00118,0.027204
7.0,4.24,0.269,0.00155,0.027171
7.0,4.22,0.268,0.0021,0.027133
7.0,4.2,0.267,0.00306,0.027091
7.0,4.18,0.266,0.00532,0.027051
7.0,4.16,0.265,0.01179,0.02702
7.0,4.14,0.264,0.02462,0.02699
7.0,4.12,0.264,0.04169,0.026958
7.0,4.1,0.263,0.0659,0.026927
7.0,4.08,0.262,0.10037,0.026881
7.0,4.06,0.261,0.14299,0.026815
7.0,4.04,0.26,0.19284,0.026734
7.0,4.02,0.258,0.25148,0.026633
7.0,4.0,0.255,0.32048,0.026516
7.0,3.98,0.253,0.39969,0.026402
7.0,3.96,0.251,0.4989,0.026268
7.0,3.94,0.248,0.62285,0.026129
7.0,3.92,0.246,0.78175,0.025986
7.0,3.9,0.243,0.99477,0.025842
7.0,3.88,0.241,1.26768,0.025702
7.0,3.86,0.239,1.48492,0.025586
7.0,3.84,0.237,1.77572,0.025484
7.0,3.82,0.235,2.09025,0.025387
7.0,3.8,0.233,2.42455,0.025287
7.0,3.78,0.231,2.75717,0.025182
7.0,3.76,0.229,3.06224,0.025066
7.0,3.74,0.226,3.32958,0.024925
7.0,3.72,0.223,3.5566,0.024737
7.0,3.7,0.219,3.73545,0.024468
7.0,3.68,0.213,3.88809,0.024137
7.0,3.66,0.208,4.016,0.02382
7.0,3.64,0.203,4.31683,0.023545
7.0,3.62,0.199,4.68716,0.023341
7.0,3.6,0.197,5.08568,0.023194
7.0,3.58,0.195,5.5038,0.023082
7.0,3.56,0.194,5.90867,0.023008
7.0,3.54,0.193,6.3732,0.022942
7.0,3.52,0.191,6.90827,0.022874
7.0,3.5,0.19,7.48264,0.022816
7.0,3.48,0.19,8.05686,0.022774
7.0,3.46,0.189,8.68108,0.022736
7.0,3.44,0.188,9.33955,0.022705
7.0,3.42,0.188,10.06883,0.022676
7.0,3.4,0.187,10.88807,0.022647
7.1,4.9,0.509,1.7E-4,0.034522
7.1,4.88,0.502,2.1E-4,0.034358
7.1,4.86,0.495,2.4E-4,0.034119
7.1,4.84,0.489,2.7E-4,0.033833
7.1,4.82,0.483,3.0E-4,0.033515
7.1,4.8,0.477,3.1E-4,0.033161
7.1,4.78,0.47,3.1E-4,0.03273
7.1,4.76,0.463,2.9E-4,0.0322
7.1,4.74,0.455,2.7E-4,0.031663
7.1,4.72,0.448,2.8E-4,0.03127
7.1,4.7,0.444,3.3E-4,0.031194
7.1,4.68,0.441,3.5E-4,0.031109
7.1,4.66,0.439,3.3E-4,0.03101
7.1,4.64,0.437,2.8E-4,0.030892
7.1,4.62,0.429,1.9E-4,0.030551
7.1,4.6,0.4,2.0E-4,0.029448
7.1,4.58,0.38,1.8E-4,0.028699
7.1,4.56,0.367,1.2E-4,0.028232
7.1,4.54,0.361,8.0E-5,0.028058
7.1,4.52,0.359,1.0E-4,0.028002
7.1,4.5,0.357,1.3E-4,0.027936
7.1,4.48,0.355,1.6E-4,0.027862
7.1,4.46,0.353,2.0E-4,0.027781
7.1,4.44,0.35,2.6E-4,0.027694
7.1,4.42,0.348,3.5E-4,0.027601
7.1,4.4,0.346,4.7E-4,0.027501
7.1,4.38,0.343,6.8E-4,0.027394
7.1,4.36,0.34,0.00114,0.027283
7.1,4.34,0.338,0.003,0.027166
7.1,4.32,0.335,0.00623,0.027038
7.1,4.3,0.331,0.01044,0.026902
7.1,4.28,0.328,0.01865,0.026738
7.1,4.26,0.319,0.06345,0.026328
7.1,4.24,0.311,0.07105,0.02597
7.1,4.22,0.304,0.0742,0.025708
7.1,4.2,0.299,0.07593,0.025493
7.1,4.18,0.295,0.07699,0.025313
7.1,4.16,0.292,0.07814,0.025163
7.1,4.14,0.289,0.08082,0.025041
7.1,4.12,0.287,0.08859,0.024955
7.1,4.1,0.285,0.10761,0.024903
7.1,4.08,0.284,0.13432,0.024838
7.1,4.06,0.281,0.16314,0.024747
7.1,4.04,0.279,0.19251,0.024638
7.1,4.02,0.276,0.21979,0.024508
7.1,4.0,0.273,0.24455,0.024365
7.1,3.98,0.27,0.28369,0.024248
7.1,3.96,0.268,0.36675,0.024165
7.1,3.94,0.266,0.46455,0.024078
7.1,3.92,0.264,0.58233,0.023988
7.1,3.9,0.262,0.7297,0.023894
7.1,3.88,0.26,0.91348,0.023801
7.1,3.86,0.258,1.09103,0.023715
7.1,3.84,0.256,1.35116,0.023623
7.1,3.82,0.254,1.66134,0.023534
7.1,3.8,0.252,2.02537,0.023447
7.1,3.78,0.25,2.43663,0.02336
7.1,3.76,0.248,2.88494,0.023267
7.1,3.74,0.246,3.38313,0.023157
7.1,3.72,0.243,3.96255,0.023014
7.1,3.7,0.239,4.70116,0.022823
7.1,3.68,0.235,5.0673,0.02261
7.1,3.66,0.231,5.43691,0.022395
7.1,3.64,0.227,5.91639,0.022202
7.1,3.62,0.224,6.44126,0.02205
7.1,3.6,0.222,6.97828,0.021935
7.1,3.58,0.22,7.5222,0.021847
7.1,3.56,0.219,8.05894,0.021784
7.1,3.54,0.218,8.64872,0.021729
7.1,3.52,0.217,9.27189,0.021678
7.1,3.5,0.216,9.92866,0.021635
7.1,3.48,0.215,10.60793,0.021602
7.1,3.46,0.215,11.33326,0.021572
7.1,3.44,0.214,12.11082,0.021547
7.1,3.42,0.214,12.95433,0.021523
7.1,3.4,0.213,13.88145,0.021501
7.2,4.9,0.522,2.1E-4,0.030504
7.2,4.88,0.515,2.6E-4,0.030624
7.2,4.86,0.509,3.1E-4,0.030612
7.2,4.84,0.503,3.7E-4,0.030518
7.2,4.82,0.497,4.2E-4,0.030367
7.2,4.8,0.491,4.7E-4,0.030164
7.2,4.78,0.485,5.1E-4,0.029884
7.2,4.76,0.479,5.4E-4,0.02951
7.2,4.74,0.472,5.7E-4,0.029113
7.2,4.72,0.465,6.1E-4,0.028705
7.2,4.7,0.457,6.7E-4,0.028292
7.2,4.68,0.45,7.8E-4,0.027891
7.2,4.66,0.447,9.0E-4,0.027885
7.2,4.64,0.444,0.001,0.027859
7.2,4.62,0.442,0.00106,0.027808
7.2,4.6,0.44,0.0011,0.027728
7.2,4.58,0.438,0.00111,0.027609
7.2,4.56,0.436,0.00118,0.027465
7.2,4.54,0.42,0.00154,0.026926
7.2,4.52,0.404,0.00216,0.026404
7.2,4.5,0.389,0.00408,0.025933
7.2,4.48,0.383,0.0049,0.025729
7.2,4.46,0.378,0.00511,0.025583
7.2,4.44,0.374,0.00498,0.025456
7.2,4.42,0.371,0.00452,0.025339
7.2,4.4,0.368,0.00367,0.025226
7.2,4.38,0.365,0.00245,0.025117
7.2,4.36,0.362,0.00149,0.025022
7.2,4.34,0.36,0.00534,0.024953
7.2,4.32,0.356,0.013,0.024852
7.2,4.3,0.353,0.02344,0.024734
7.2,4.28,0.349,0.03586,0.024609
7.2,4.26,0.343,0.0651,0.024399
7.2,4.24,0.339,0.08574,0.02426
7.2,4.22,0.336,0.10608,0.024132
7.2,4.2,0.333,0.12801,0.024005
7.2,4.18,0.329,0.15224,0.023878
7.2,4.16,0.326,0.1796,0.02375
7.2,4.14,0.323,0.21156,0.02362
7.2,4.12,0.319,0.24238,0.023474
7.2,4.1,0.315,0.26842,0.023331
7.2,4.08,0.312,0.30371,0.02321
7.2,4.06,0.308,0.34764,0.023098
7.2,4.04,0.306,0.39915,0.02299
7.2,4.02,0.303,0.45579,0.02288
7.2,4.0,0.3,0.51684,0.022767
7.2,3.98,0.297,0.58434,0.02266
7.2,3.96,0.294,0.65627,0.022545
7.2,3.94,0.291,0.73424,0.022433
7.2,3.92,0.288,0.81784,0.022324
7.2,3.9,0.286,0.90658,0.022217
7.2,3.88,0.283,0.99909,0.022114
7.2,3.86,0.28,1.11098,0.022011
7.2,3.84,0.278,1.17723,0.021912
7.2,3.82,0.275,1.25583,0.021814
7.2,3.8,0.273,1.33913,0.021716
7.2,3.78,0.27,1.44581,0.021623
7.2,3.76,0.269,1.74052,0.021558
7.2,3.74,0.267,2.10092,0.021481
7.2,3.72,0.264,2.51292,0.02138
7.2,3.7,0.261,3.08879,0.021248
7.2,3.68,0.257,3.83991,0.021096
7.2,3.66,0.254,4.76705,0.020952
7.2,3.64,0.251,5.77266,0.020829
7.2,3.62,0.249,6.75874,0.02073
7.2,3.6,0.247,7.6855,0.020653
7.2,3.58,0.245,8.56039,0.020592
7.2,3.56,0.244,9.38897,0.020545
7.2,3.54,0.243,10.24427,0.020504
7.2,3.52,0.242,11.0731,0.020472
7.2,3.5,0.242,11.91078,0.020445
7.2,3.48,0.241,12.77975,0.020422
7.2,3.46,0.241,13.67976,0.020402
7.2,3.44,0.24,14.64336,0.020384
7.2,3.42,0.24,15.66278,0.020367
7.2,3.4,0.24,16.7547,0.020352
7.3,4.9,0.537,2.1E-4,0.027312
7.3,4.88,0.529,3.1E-4,0.026977
7.3,4.86,0.523,3.9E-4,0.027106
7.3,4.84,0.517,4.7E-4,0.027204
7.3,4.82,0.511,5.5E-4,0.027219
7.3,4.8,0.506,6.3E-4,0.027168
7.3,4.78,0.5,7.2E-4,0.027038
7.3,4.76,0.494,7.9E-4,0.026819
7.3,4.74,0.488,8.7E-4,0.026562
7.3,4.72,0.482,9.6E-4,0.026282
7.3,4.7,0.475,0.00107,0.025984
7.3,4.68,0.469,0.00122,0.025681
7.3,4.66,0.462,0.00142,0.025375
7.3,4.64,0.455,0.00167,0.025072
7.3,4.62,0.449,0.00196,0.024866
7.3,4.6,0.447,0.00219,0.024877
7.3,4.58,0.445,0.00241,0.024855
7.3,4.56,0.443,0.00267,0.024804
7.3,4.54,0.441,0.0031,0.024728
7.3,4.52,0.439,0.00417,0.024614
7.3,4.5,0.428,0.00977,0.024232
7.3,4.48,0.417,0.013,0.023941
7.3,4.46,0.41,0.01528,0.023767
7.3,4.44,0.405,0.01737,0.023629
7.3,4.42,0.401,0.01939,0.02351
7.3,4.4,0.397,0.0214,0.023402
7.3,4.38,0.393,0.02346,0.023301
7.3,4.36,0.39,0.02583,0.023209
7.3,4.34,0.387,0.03019,0.023111
7.3,4.32,0.383,0.03716,0.022979
7.3,4.3,0.378,0.04719,0.022815
7.3,4.28,0.373,0.05944,0.022646
7.3,4.26,0.368,0.07178,0.022493
7.3,4.24,0.364,0.0843,0.02235
7.3,4.22,0.36,0.10242,0.022245
7.3,4.2,0.357,0.1248,0.022155
7.3,4.18,0.354,0.15008,0.022063
7.3,4.16,0.351,0.17893,0.021971
7.3,4.14,0.348,0.21229,0.021877
7.3,4.12,0.345,0.25152,0.021781
7.3,4.1,0.342,0.29829,0.021683
7.3,4.08,0.339,0.35454,0.021583
7.3,4.06,0.336,0.42277,0.021483
7.3,4.04,0.333,0.50489,0.021383
7.3,4.02,0.33,0.60145,0.021287
7.3,4.0,0.327,0.71474,0.021193
7.3,3.98,0.324,0.84708,0.021104
7.3,3.96,0.322,1.00364,0.021018
7.3,3.94,0.319,1.16469,0.02094
7.3,3.92,0.317,1.32388,0.020868
7.3,3.9,0.315,1.50338,0.020798
7.3,3.88,0.313,1.70438,0.020729
7.3,3.86,0.311,2.00101,0.020657
7.3,3.84,0.309,2.12689,0.020594
7.3,3.82,0.307,2.29714,0.020524
7.3,3.8,0.305,2.48863,0.020453
7.3,3.78,0.303,2.67758,0.020379
7.3,3.76,0.3,2.86787,0.020298
7.3,3.74,0.298,3.03479,0.020201
7.3,3.72,0.294,3.01897,0.020082
7.3,3.7,0.29,3.17314,0.01993
7.3,3.68,0.285,3.45386,0.019765
7.3,3.66,0.281,3.95546,0.019616
7.3,3.64,0.277,4.60663,0.019496
7.3,3.62,0.274,5.31233,0.019404
7.3,3.6,0.272,6.02981,0.019335
7.3,3.58,0.271,6.75732,0.019281
7.3,3.56,0.27,7.62963,0.01925
7.3,3.54,0.269,8.51004,0.019224
7.3,3.52,0.269,9.38972,0.019204
7.3,3.5,0.268,10.28517,0.019186
7.3,3.48,0.268,11.22527,0.019171
7.3,3.46,0.267,12.19957,0.019157
7.3,3.44,0.267,13.24513,0.019145
7.3,3.42,0.267,14.36153,0.019134
7.3,3.4,0.266,15.52994,0.019123
7.4,4.9,0.554,2.0E-4,0.02482
7.4,4.88,0.548,2.8E-4,0.024621
7.4,4.86,0.541,4.0E-4,0.024395
7.4,4.84,0.533,5.3E-4,0.024146
7.4,4.82,0.526,6.8E-4,0.024071
7.4,4.8,0.52,8.0E-4,0.024171
7.4,4.78,0.515,9.2E-4,0.024192
7.4,4.76,0.51,0.00104,0.024128
7.4,4.74,0.504,0.00117,0.024012
7.4,4.72,0.499,0.00131,0.023858
7.4,4.7,0.493,0.00147,0.023676
7.4,4.68,0.487,0.00167,0.023477
7.4,4.66,0.482,0.00191,0.023267
7.4,4.64,0.476,0.00221,0.02305
7.4,4.62,0.47,0.00257,0.022835
7.4,4.6,0.464,0.00299,0.022631
7.4,4.58,0.458,0.00348,0.022439
7.4,4.56,0.453,0.00406,0.02226
7.4,4.54,0.449,0.00467,0.022157
7.4,4.52,0.448,0.00539,0.022144
7.4,4.5,0.445,0.00812,0.022068
7.4,4.48,0.442,0.0131,0.02198
7.4,4.46,0.439,0.01987,0.021891
7.4,4.44,0.436,0.02905,0.021798
7.4,4.42,0.43,0.03426,0.021682
7.4,4.4,0.426,0.03912,0.021578
7.4,4.38,0.421,0.04447,0.021485
7.4,4.36,0.418,0.05049,0.021402
7.4,4.34,0.414,0.05809,0.02132
7.4,4.32,0.41,0.06788,0.021224
7.4,4.3,0.406,0.08027,0.021112
7.4,4.28,0.402,0.09494,0.020996
7.4,4.26,0.398,0.11072,0.020887
7.4,4.24,0.394,0.12767,0.020781
7.4,4.22,0.391,0.14624,0.020678
7.4,4.2,0.387,0.16701,0.020576
7.4,4.18,0.384,0.1905,0.020475
7.4,4.16,0.38,0.21716,0.020373
7.4,4.14,0.376,0.24749,0.020274
7.4,4.12,0.373,0.28201,0.020176
7.4,4.1,0.37,0.32092,0.020081
7.4,4.08,0.366,0.36459,0.01999
7.4,4.06,0.363,0.41377,0.0199
7.4,4.04,0.36,0.48164,0.01983
7.4,4.02,0.358,0.56318,0.019764
7.4,4.0,0.356,0.65651,0.019701
7.4,3.98,0.354,0.76311,0.019642
7.4,3.96,0.351,0.88699,0.019582
7.4,3.94,0.349,1.03026,0.019525
7.4,3.92,0.347,1.19568,0.01947
7.4,3.9,0.346,1.38698,0.019417
7.4,3.88,0.344,1.60859,0.019367
7.4,3.86,0.342,1.91231,0.019316
7.4,3.84,0.34,2.13143,0.019272
7.4,3.82,0.339,2.39976,0.019224
7.4,3.8,0.337,2.70758,0.019174
7.4,3.78,0.335,3.03958,0.019123
7.4,3.76,0.333,3.40781,0.019065
7.4,3.74,0.331,3.75993,0.018997
7.4,3.72,0.328,3.93791,0.018917
7.4,3.7,0.324,4.40127,0.018812
7.4,3.68,0.321,5.06651,0.018699
7.4,3.66,0.317,5.76676,0.018586
7.4,3.64,0.314,6.61333,0.018493
7.4,3.62,0.312,7.49986,0.018421
7.4,3.6,0.31,8.38578,0.018366
7.4,3.58,0.308,9.26135,0.018324
7.4,3.56,0.307,10.14698,0.018291
7.4,3.54,0.306,11.03679,0.018264
7.4,3.52,0.306,11.93846,0.018243
7.4,3.5,0.305,12.87089,0.018224
7.4,3.48,0.305,13.858,0.018208
7.4,3.46,0.304,14.88724,0.018194
7.4,3.44,0.304,15.9859,0.018181
7.4,3.42,0.303,17.14411,0.018169
7.4,3.4,0.303,18.35752,0.018159
7.5,4.9,0.571,1.8E-4,0.022328
7.5,4.88,0.566,2.6E-4,0.022265
7.5,4.86,0.56,3.7E-4,0.022161
7.5,4.84,0.554,5.0E-4,0.022025
7.5,4.82,0.547,6.6E-4,0.02186
7.5,4.8,0.539,8.5E-4,0.021672
7.5,4.78,0.531,0.00109,0.02147
7.5,4.76,0.525,0.00129,0.021438
7.5,4.74,0.52,0.00147,0.021462
7.5,4.72,0.516,0.00166,0.021435
7.5,4.7,0.511,0.00187,0.021368
7.5,4.68,0.506,0.00211,0.021273
7.5,4.66,0.501,0.0024,0.021158
7.5,4.64,0.497,0.00274,0.021029
7.5,4.62,0.492,0.00314,0.020893
7.5,4.6,0.487,0.00361,0.020757
7.5,4.58,0.482,0.00416,0.020626
7.5,4.56,0.478,0.00479,0.020499
7.5,4.54,0.473,0.00552,0.020384
7.5,4.52,0.47,0.00636,0.020278
7.5,4.5,0.466,0.00733,0.02017
7.5,4.48,0.462,0.00843,0.020059
7.5,4.46,0.458,0.00968,0.019953
7.5,4.44,0.454,0.01109,0.01985
7.5,4.42,0.45,0.01269,0.01975
7.5,4.4,0.448,0.01928,0.019703
7.5,4.38,0.445,0.02885,0.019654
7.5,4.36,0.443,0.04216,0.019598
7.5,4.34,0.44,0.0603,0.019539
7.5,4.32,0.438,0.0845,0.019475
7.5,4.3,0.435,0.11335,0.01941
7.5,4.28,0.431,0.13043,0.019346
7.5,4.26,0.428,0.14965,0.01928
7.5,4.24,0.425,0.17104,0.019213
7.5,4.22,0.422,0.19503,0.019145
7.5,4.2,0.419,0.22234,0.019076
7.5,4.18,0.416,0.25369,0.019007
7.5,4.16,0.413,0.28964,0.018937
7.5,4.14,0.41,0.33075,0.018867
7.5,4.12,0.407,0.37771,0.018798
7.5,4.1,0.404,0.43056,0.01873
7.5,4.08,0.402,0.48947,0.018664
7.5,4.06,0.399,0.55521,0.018599
7.5,4.04,0.396,0.62827,0.018533
7.5,4.02,0.394,0.70922,0.018468
7.5,4.0,0.391,0.79918,0.018408
7.5,3.98,0.389,0.8991,0.018354
7.5,3.96,0.387,1.00913,0.018298
7.5,3.94,0.384,1.13047,0.018245
7.5,3.92,0.382,1.26354,0.018195
7.5,3.9,0.38,1.40851,0.018147
7.5,3.88,0.378,1.56555,0.018101
7.5,3.86,0.377,1.73175,0.018056
7.5,3.84,0.375,1.91118,0.018012
7.5,3.82,0.373,2.10814,0.017968
7.5,3.8,0.371,2.32554,0.017924
7.5,3.78,0.369,2.56534,0.017878
7.5,3.76,0.367,2.82324,0.017826
7.5,3.74,0.364,2.98341,0.017767
7.5,3.72,0.361,3.33121,0.017696
7.5,3.7,0.359,3.86503,0.017624
7.5,3.68,0.355,4.66059,0.017547
7.5,3.66,0.353,5.70678,0.017476
7.5,3.64,0.35,6.8583,0.017417
7.5,3.62,0.348,8.00826,0.017371
7.5,3.6,0.347,9.11707,0.017335
7.5,3.58,0.346,10.19034,0.017307
7.5,3.56,0.345,11.25402,0.017285
7.5,3.54,0.344,12.29895,0.017267
7.5,3.52,0.344,13.3483,0.017253
7.5,3.5,0.343,14.42903,0.01724
7.5,3.48,0.343,15.55055,0.017229
7.5,3.46,0.343,16.71536,0.017219
7.5,3.44,0.342,17.92954,0.01721
7.5,3.42,0.342,19.18765,0.017202
7.5,3.4,0.342,20.49735,0.017195
7.6,4.9,0.596,1.9E-4,0.020376
7.6,4.88,0.589,2.6E-4,0.020219
7.6,4.86,0.582,3.5E-4,0.020054
7.6,4.84,0.575,4.6E-4,0.019903
7.6,4.82,0.57,6.0E-4,0.019842
7.6,4.8,0.563,7.8E-4,0.019752
7.6,4.78,0.557,9.9E-4,0.019638
7.6,4.76,0.55,0.00124,0.019511
7.6,4.74,0.543,0.00152,0.019374
7.6,4.72,0.536,0.00186,0.019231
7.6,4.7,0.529,0.00225,0.019089
7.6,4.68,0.525,0.00256,0.019069
7.6,4.66,0.521,0.00289,0.019049
7.6,4.64,0.517,0.00328,0.019007
7.6,4.62,0.513,0.00372,0.01895
7.6,4.6,0.51,0.00423,0.018884
7.6,4.58,0.506,0.00483,0.018812
7.6,4.56,0.502,0.00553,0.018739
7.6,4.54,0.498,0.00633,0.018668
7.6,4.52,0.495,0.00726,0.018599
7.6,4.5,0.492,0.00834,0.018528
7.6,4.48,0.488,0.00961,0.018454
7.6,4.46,0.485,0.01106,0.018381
7.6,4.44,0.482,0.01276,0.018309
7.6,4.42,0.479,0.01476,0.018238
7.6,4.4,0.476,0.0171,0.01817
7.6,4.38,0.473,0.01985,0.018104
7.6,4.36,0.47,0.02312,0.01804
7.6,4.34,0.467,0.02698,0.017977
7.6,4.32,0.464,0.03155,0.017916
7.6,4.3,0.462,0.03696,0.017857
7.6,4.28,0.459,0.04342,0.017799
7.6,4.26,0.457,0.05118,0.017741
7.6,4.24,0.454,0.06043,0.017685
7.6,4.22,0.451,0.07135,0.01763
7.6,4.2,0.449,0.09415,0.017582
7.6,4.18,0.447,0.13872,0.017542
7.6,4.16,0.445,0.194,0.017502
7.6,4.14,0.443,0.2621,0.017461
7.6,4.12,0.441,0.34577,0.017419
7.6,4.1,0.439,0.44704,0.017378
7.6,4.08,0.437,0.56735,0.017338
7.6,4.06,0.435,0.69665,0.017299
7.6,4.04,0.433,0.7881,0.017257
7.6,4.02,0.431,0.89009,0.017216
7.6,4.0,0.429,1.00411,0.017177
7.6,3.98,0.427,1.13142,0.017142
7.6,3.96,0.425,1.27303,0.017104
7.6,3.94,0.423,1.4304,0.017069
7.6,3.92,0.422,1.60455,0.017034
7.6,3.9,0.42,1.79583,0.017
7.6,3.88,0.418,2.00384,0.016967
7.6,3.86,0.417,2.21558,0.016935
7.6,3.84,0.415,2.43626,0.016901
7.6,3.82,0.414,2.6857,0.016868
7.6,3.8,0.412,2.96152,0.016834
7.6,3.78,0.41,3.25662,0.016798
7.6,3.76,0.409,3.48263,0.016759
7.6,3.74,0.406,3.77734,0.016711
7.6,3.72,0.403,4.17297,0.016653
7.6,3.7,0.4,4.72558,0.016587
7.6,3.68,0.397,5.58788,0.016519
7.6,3.66,0.394,6.69998,0.016459
7.6,3.64,0.392,7.90816,0.016411
7.6,3.62,0.39,9.11031,0.016374
7.6,3.6,0.389,10.26657,0.016346
7.6,3.58,0.388,11.40373,0.016324
7.6,3.56,0.387,12.53093,0.016306
7.6,3.54,0.386,13.63118,0.016292
7.6,3.52,0.386,14.74466,0.016281
7.6,3.5,0.385,15.88579,0.01627
7.6,3.48,0.385,17.05778,0.016262
7.6,3.46,0.385,18.27043,0.016254
7.6,3.44,0.384,19.51336,0.016247
7.6,3.42,0.384,20.79238,0.01624
7.6,3.4,0.384,22.11802,0.016235
7.7,4.9,0.624,2.1E-4,0.018617
7.7,4.88,0.618,2.7E-4,0.018518
7.7,4.86,0.612,3.6E-4,0.018408
7.7,4.84,0.605,4.6E-4,0.018291
7.7,4.82,0.599,5.9E-4,0.018167
7.7,4.8,0.592,7.4E-4,0.018038
7.7,4.78,0.585,9.1E-4,0.017907
7.7,4.76,0.578,0.00112,0.017777
7.7,4.74,0.572,0.00137,0.017693
7.7,4.72,0.566,0.00167,0.017614
7.7,4.7,0.56,0.00201,0.017527
7.7,4.68,0.555,0.0024,0.01744
7.7,4.66,0.549,0.00284,0.017353
7.7,4.64,0.544,0.00336,0.017266
7.7,4.62,0.539,0.00395,0.017183
7.7,4.6,0.535,0.00463,0.017103
7.7,4.58,0.53,0.00543,0.017024
7.7,4.56,0.526,0.00626,0.016978
7.7,4.54,0.524,0.00714,0.016951
7.7,4.52,0.521,0.00815,0.016921
7.7,4.5,0.518,0.00936,0.016886
7.7,4.48,0.515,0.01078,0.016848
7.7,4.46,0.513,0.01245,0.016809
7.7,4.44,0.51,0.01444,0.016769
7.7,4.42,0.507,0.01683,0.016727
7.7,4.4,0.505,0.0197,0.016685
7.7,4.38,0.503,0.02319,0.016644
7.7,4.36,0.5,0.02743,0.016603
7.7,4.34,0.498,0.03257,0.016562
7.7,4.32,0.496,0.0387,0.016522
7.7,4.3,0.493,0.04594,0.016482
7.7,4.28,0.491,0.05444,0.016443
7.7,4.26,0.489,0.06446,0.016403
7.7,4.24,0.487,0.07632,0.016365
7.7,4.22,0.485,0.0903,0.016326
7.7,4.2,0.483,0.10652,0.016288
7.7,4.18,0.481,0.12505,0.016251
7.7,4.16,0.479,0.14583,0.016215
7.7,4.14,0.477,0.1687,0.01618
7.7,4.12,0.475,0.19365,0.016146
7.7,4.1,0.473,0.22097,0.016114
7.7,4.08,0.472,0.25097,0.016082
7.7,4.06,0.47,0.2839,0.01605
7.7,4.04,0.468,0.32013,0.016019
7.7,4.02,0.467,0.36017,0.015987
7.7,4.0,0.465,0.40463,0.01596
7.7,3.98,0.464,0.45412,0.015931
7.7,3.96,0.462,0.50962,0.015903
7.7,3.94,0.461,0.57206,0.015875
7.7,3.92,0.459,0.64262,0.015849
7.7,3.9,0.458,0.72273,0.015823
7.7,3.88,0.456,0.81404,0.015797
7.7,3.86,0.455,0.91814,0.015771
7.7,3.84,0.453,1.03675,0.015746
7.7,3.82,0.452,1.17194,0.01572
7.7,3.8,0.451,1.32592,0.015693
7.7,3.78,0.449,1.63806,0.015669
7.7,3.76,0.448,2.07062,0.015643
7.7,3.74,0.446,2.62388,0.015613
7.7,3.72,0.444,3.32494,0.015579
7.7,3.7,0.442,4.28767,0.015542
7.7,3.68,0.44,5.67701,0.015504
7.7,3.66,0.438,7.36472,0.015471
7.7,3.64,0.436,9.17707,0.015444
7.7,3.62,0.435,10.89787,0.015423
7.7,3.6,0.434,12.16694,0.015404
7.7,3.58,0.433,13.41906,0.015389
7.7,3.56,0.433,14.6508,0.015377
7.7,3.54,0.432,15.83401,0.015367
7.7,3.52,0.432,17.03089,0.015359
7.7,3.5,0.431,18.2314,0.015351
7.7,3.48,0.431,19.4542,0.015345
7.7,3.46,0.431,20.69744,0.015339
7.7,3.44,0.43,21.95348,0.015335
7.7,3.42,0.43,23.23258,0.01533
7.7,3.4,0.43,24.54615,0.015326
7.8,4.9,0.651,2.2E-4,0.016859
7.8,4.88,0.646,2.9E-4,0.016816
7.8,4.86,0.641,3.7E-4,0.016762
7.8,4.84,0.636,4.7E-4,0.016698
7.8,4.82,0.63,5.9E-4,0.016626
7.8,4.8,0.624,7.3E-4,0.016547
7.8,4.78,0.619,8.9E-4,0.016463
7.8,4.76,0.613,0.00108,0.016376
7.8,4.74,0.607,0.00129,0.016287
7.8,4.72,0.601,0.00154,0.016196
7.8,4.7,0.595,0.00183,0.016104
7.8,4.68,0.589,0.00216,0.016015
7.8,4.66,0.583,0.00253,0.015926
7.8,4.64,0.578,0.00296,0.015844
7.8,4.62,0.574,0.00346,0.015785
7.8,4.6,0.57,0.00404,0.015737
7.8,4.58,0.566,0.00473,0.015688
7.8,4.56,0.562,0.00553,0.015638
7.8,4.54,0.559,0.00647,0.015589
7.8,4.52,0.555,0.00757,0.015541
7.8,4.5,0.552,0.0089,0.015493
7.8,4.48,0.549,0.0105,0.015445
7.8,4.46,0.546,0.01242,0.0154
7.8,4.44,0.542,0.01478,0.015355
7.8,4.42,0.539,0.01768,0.015311
7.8,4.4,0.537,0.02127,0.015269
7.8,4.38,0.534,0.02572,0.015229
7.8,4.36,0.531,0.03124,0.015189
7.8,4.34,0.529,0.03806,0.015151
7.8,4.32,0.527,0.04585,0.015127
7.8,4.3,0.525,0.05492,0.015107
7.8,4.28,0.523,0.06546,0.015087
7.8,4.26,0.522,0.07775,0.015066
7.8,4.24,0.52,0.09221,0.015044
7.8,4.22,0.518,0.10925,0.015022
7.8,4.2,0.517,0.129,0.015001
7.8,4.18,0.515,0.15154,0.014979
7.8,4.16,0.514,0.17676,0.014957
7.8,4.14,0.512,0.20439,0.014936
7.8,4.12,0.511,0.23435,0.014916
7.8,4.1,0.509,0.26694,0.014896
7.8,4.08,0.508,0.30268,0.014876
7.8,4.06,0.507,0.34208,0.014856
7.8,4.04,0.505,0.38569,0.014836
7.8,4.02,0.504,0.43406,0.014816
7.8,4.0,0.503,0.48766,0.014799
7.8,3.98,0.502,0.54708,0.01478
7.8,3.96,0.501,0.61331,0.014762
7.8,3.94,0.499,0.68721,0.014744
7.8,3.92,0.498,0.77015,0.014727
7.8,3.9,0.497,0.86375,0.01471
7.8,3.88,0.496,0.97014,0.014693
7.8,3.86,0.495,1.09125,0.014675
7.8,3.84,0.494,1.22961,0.014658
7.8,3.82,0.493,1.38771,0.014641
7.8,3.8,0.492,1.56899,0.014623
7.8,3.78,0.49,1.77635,0.014603
7.8,3.76,0.489,2.01231,0.014581
7.8,3.74,0.487,2.28429,0.014554
7.8,3.72,0.485,2.6254,0.014523
7.8,3.7,0.483,3.13557,0.014491
7.8,3.68,0.481,3.96466,0.01446
7.8,3.66,0.48,4.88939,0.014434
7.8,3.64,0.478,5.89647,0.014412
7.8,3.62,0.477,6.91796,0.014395
7.8,3.6,0.476,7.87587,0.014383
7.8,3.58,0.476,8.73761,0.014373
7.8,3.56,0.475,9.5932,0.014365
7.8,3.54,0.475,10.3786,0.014358
7.8,3.52,0.474,11.11493,0.014353
7.8,3.5,0.474,11.80137,0.014348
7.8,3.48,0.474,12.50079,0.014344
7.8,3.46,0.474,13.19954,0.01434
7.8,3.44,0.473,13.91998,0.014337
7.8,3.42,0.473,14.65646,0.014335
7.8,3.4,0.473,15.40788,0.014332
7.9,4.9,0.69,2.4E-4,0.015534
7.9,4.88,0.683,3.0E-4,0.015436
7.9,4.86,0.677,3.8E-4,0.015337
7.9,4.84,0.67,4.8E-4,0.015238
7.9,4.82,0.663,5.9E-4,0.015142
7.9,4.8,0.657,7.2E-4,0.015055
7.9,4.78,0.653,8.7E-4,0.015018
7.9,4.76,0.648,0.00104,0.014976
7.9,4.74,0.643,0.00123,0.014929
7.9,4.72,0.639,0.00146,0.014879
7.9,4.7,0.635,0.00172,0.014826
7.9,4.68,0.63,0.00201,0.014772
7.9,4.66,0.625,0.00236,0.014716
7.9,4.64,0.621,0.00275,0.014662
7.9,4.62,0.617,0.0032,0.014611
7.9,4.6,0.613,0.00371,0.014561
7.9,4.58,0.609,0.00432,0.014511
7.9,4.56,0.605,0.00502,0.014463
7.9,4.54,0.602,0.00583,0.014417
7.9,4.52,0.598,0.00679,0.014372
7.9,4.5,0.594,0.00795,0.014328
7.9,4.48,0.591,0.00934,0.014284
7.9,4.46,0.588,0.01104,0.014243
7.9,4.44,0.585,0.01313,0.014204
7.9,4.42,0.582,0.01576,0.014165
7.9,4.4,0.579,0.01903,0.014128
7.9,4.38,0.576,0.02317,0.014093
7.9,4.36,0.574,0.02883,0.014067
7.9,4.34,0.571,0.03608,0.014041
7.9,4.32,0.569,0.04521,0.014015
7.9,4.3,0.567,0.05653,0.013991
7.9,4.28,0.565,0.07023,0.013966
7.9,4.26,0.563,0.08632,0.013943
7.9,4.24,0.561,0.10484,0.01392
7.9,4.22,0.56,0.12587,0.013898
7.9,4.2,0.558,0.14934,0.013876
7.9,4.18,0.556,0.17535,0.013856
7.9,4.16,0.555,0.20395,0.013836
7.9,4.14,0.553,0.23512,0.013818
7.9,4.12,0.552,0.26913,0.0138
7.9,4.1,0.551,0.30647,0.013783
7.9,4.08,0.549,0.34775,0.013766
7.9,4.06,0.548,0.39362,0.013749
7.9,4.04,0.547,0.44465,0.013733
7.9,4.02,0.545,0.50135,0.013717
7.9,4.0,0.544,0.56416,0.013702
7.9,3.98,0.543,0.63374,0.013688
7.9,3.96,0.542,0.71107,0.013674
7.9,3.94,0.541,0.79711,0.01366
7.9,3.92,0.54,0.89328,0.013647
7.9,3.9,0.539,1.00133,0.013634
7.9,3.88,0.538,1.12372,0.013621
7.9,3.86,0.537,1.26274,0.013609
7.9,3.84,0.536,1.42168,0.013596
7.9,3.82,0.535,1.60356,0.013583
7.9,3.8,0.534,1.81278,0.013569
7.9,3.78,0.533,2.05323,0.013555
7.9,3.76,0.531,2.32747,0.013537
7.9,3.74,0.53,2.64543,0.013517
7.9,3.72,0.528,3.05734,0.013495
7.9,3.7,0.526,3.70458,0.013475
7.9,3.68,0.525,4.85044,0.013457
7.9,3.66,0.524,6.07667,0.013441
7.9,3.64,0.523,7.19276,0.013429
7.9,3.62,0.522,8.18444,0.01342
7.9,3.6,0.521,9.16916,0.013412
7.9,3.58,0.521,10.05263,0.013407
7.9,3.56,0.521,10.87246,0.013402
7.9,3.54,0.52,11.57958,0.013398
7.9,3.52,0.52,12.25024,0.013395
7.9,3.5,0.52,12.90585,0.013392
7.9,3.48,0.52,13.57002,0.01339
7.9,3.46,0.52,14.23427,0.013388
7.9,3.44,0.519,14.90492,0.013386
7.9,3.42,0.519,15.58419,0.013384
7.9,3.4,0.519,16.26992,0.013383
8.0,4.9,0.731,2.5E-4,0.014334
8.0,4.88,0.726,3.2E-4,0.014261
8.0,4.86,0.72,3.9E-4,0.014187
8.0,4.84,0.714,4.8E-4,0.014113
8.0,4.82,0.709,5.9E-4,0.01404
8.0,4.8,0.703,7.1E-4,0.01397
8.0,4.78,0.698,8.5E-4,0.013903
8.0,4.76,0.693,0.00101,0.013838
8.0,4.74,0.688,0.00119,0.013777
8.0,4.72,0.683,0.00139,0.01372
8.0,4.7,0.678,0.00163,0.013667
8.0,4.68,0.674,0.0019,0.013615
8.0,4.66,0.67,0.0022,0.013565
8.0,4.64,0.666,0.00256,0.013517
8.0,4.62,0.662,0.00297,0.013472
8.0,4.6,0.658,0.00344,0.013427
8.0,4.58,0.655,0.00402,0.013395
8.0,4.56,0.652,0.00469,0.013367
8.0,4.54,0.649,0.0055,0.013337
8.0,4.52,0.646,0.00648,0.013308
8.0,4.5,0.643,0.00769,0.01328
8.0,4.48,0.64,0.00921,0.013251
8.0,4.46,0.637,0.01115,0.013224
8.0,4.44,0.635,0.0137,0.013196
8.0,4.42,0.632,0.0171,0.013169
8.0,4.4,0.63,0.02162,0.013143
8.0,4.38,0.627,0.02754,0.013117
8.0,4.36,0.625,0.03506,0.013093
8.0,4.34,0.623,0.0443,0.013068
8.0,4.32,0.621,0.05546,0.013045
8.0,4.3,0.618,0.06882,0.013022
8.0,4.28,0.616,0.08462,0.013
8.0,4.26,0.614,0.10293,0.012979
8.0,4.24,0.613,0.1238,0.012959
8.0,4.22,0.611,0.14731,0.012939
8.0,4.2,0.609,0.17336,0.01292
8.0,4.18,0.607,0.202,0.012903
8.0,4.16,0.606,0.23335,0.012886
8.0,4.14,0.604,0.26764,0.01287
8.0,4.12,0.603,0.30535,0.012855
8.0,4.1,0.602,0.34714,0.012841
8.0,4.08,0.6,0.39366,0.012827
8.0,4.06,0.599,0.44551,0.012813
8.0,4.04,0.598,0.50327,0.012799
8.0,4.02,0.597,0.56745,0.012786
8.0,4.0,0.596,0.63876,0.012774
8.0,3.98,0.595,0.71805,0.012763
8.0,3.96,0.593,0.8065,0.012751
8.0,3.94,0.592,0.90551,0.012741
8.0,3.92,0.592,1.01666,0.01273
8.0,3.9,0.591,1.14216,0.01272
8.0,3.88,0.59,1.2844,0.01271
8.0,3.86,0.589,1.44617,0.0127
8.0,3.84,0.588,1.63118,0.01269
8.0,3.82,0.587,1.84367,0.01268
8.0,3.8,0.586,2.0887,0.012669
8.0,3.78,0.585,2.37992,0.012658
8.0,3.76,0.584,2.7176,0.012644
8.0,3.74,0.582,3.10604,0.012628
8.0,3.72,0.58,3.72793,0.01261
8.0,3.7,0.579,4.79242,0.012592
8.0,3.68,0.577,6.10082,0.012575
8.0,3.66,0.576,7.37935,0.012562
8.0,3.64,0.575,8.57284,0.012553
8.0,3.62,0.575,9.73211,0.012547
8.0,3.6,0.574,10.71136,0.012541
8.0,3.58,0.574,11.53628,0.012538
8.0,3.56,0.573,12.28764,0.012534
8.0,3.54,0.573,12.94757,0.012532
8.0,3.52,0.573,13.59661,0.012529
8.0,3.5,0.573,14.22732,0.012527
8.0,3.48,0.573,14.85153,0.012526
8.0,3.46,0.573,15.47573,0.012524
8.0,3.44,0.572,16.10215,0.012523
8.0,3.42,0.572,16.72931,0.012522
8.0,3.4,0.572,17.35709,0.012521
8.1,4.9,0.773,2.7E-4,0.013133
8.1,4.88,0.768,3.3E-4,0.013086
8.1,4.86,0.763,4.0E-4,0.013037
8.1,4.84,0.759,4.9E-4,0.012987
8.1,4.82,0.754,5.9E-4,0.012938
8.1,4.8,0.75,7.0E-4,0.012889
8.1,4.78,0.745,8.3E-4,0.012842
8.1,4.76,0.741,9.8E-4,0.012796
8.1,4.74,0.737,0.00115,0.012752
8.1,4.72,0.733,0.00135,0.01271
8.1,4.7,0.729,0.00157,0.012671
8.1,4.68,0.725,0.00184,0.012632
8.1,4.66,0.722,0.00214,0.012595
8.1,4.64,0.718,0.00249,0.012559
8.1,4.62,0.715,0.00291,0.012525
8.1,4.6,0.711,0.00342,0.012491
8.1,4.58,0.708,0.00403,0.012458
8.1,4.56,0.705,0.00478,0.012428
8.1,4.54,0.702,0.00574,0.012398
8.1,4.52,0.699,0.00701,0.012369
8.1,4.5,0.696,0.00872,0.012341
8.1,4.48,0.694,0.01101,0.012315
8.1,4.46,0.691,0.014,0.012289
8.1,4.44,0.689,0.01779,0.012264
8.1,4.42,0.686,0.0226,0.012239
8.1,4.4,0.684,0.02873,0.012216
8.1,4.38,0.682,0.03649,0.012193
8.1,4.36,0.679,0.04612,0.012172
8.1,4.34,0.677,0.05771,0.012151
8.1,4.32,0.675,0.07136,0.012132
8.1,4.3,0.673,0.08724,0.012113
8.1,4.28,0.671,0.10548,0.012095
8.1,4.26,0.67,0.12608,0.012078
8.1,4.24,0.668,0.1491,0.012062
8.1,4.22,0.666,0.17472,0.012047
8.1,4.2,0.665,0.20309,0.012032
8.1,4.18,0.663,0.2344,0.012018
8.1,4.16,0.662,0.26905,0.012005
8.1,4.14,0.661,0.30754,0.011993
8.1,4.12,0.659,0.35038,0.011981
8.1,4.1,0.658,0.39813,0.01197
8.1,4.08,0.657,0.45147,0.011959
8.1,4.06,0.656,0.51143,0.011949
8.1,4.04,0.655,0.57811,0.011939
8.1,4.02,0.654,0.65233,0.01193
8.1,4.0,0.653,0.73496,0.011922
8.1,3.98,0.652,0.8272,0.011914
8.1,3.96,0.651,0.93083,0.011906
8.1,3.94,0.65,1.04739,0.011899
8.1,3.92,0.65,1.17918,0.011891
8.1,3.9,0.649,1.32987,0.011884
8.1,3.88,0.648,1.50197,0.011876
8.1,3.86,0.647,1.70012,0.011869
8.1,3.84,0.646,1.92662,0.011862
8.1,3.82,0.646,2.18791,0.011854
8.1,3.8,0.645,2.49498,0.011847
8.1,3.78,0.644,2.91598,0.011838
8.1,3.76,0.643,3.46169,0.011827
8.1,3.74,0.641,4.09028,0.011815
8.1,3.72,0.64,4.98767,0.011802
8.1,3.7,0.639,6.19036,0.01179
8.1,3.68,0.638,7.53853,0.011779
8.1,3.66,0.637,8.90178,0.01177
8.1,3.64,0.636,10.06454,0.011763
8.1,3.62,0.635,11.0822,0.011758
8.1,3.6,0.635,11.94848,0.011754
8.1,3.58,0.635,12.69575,0.011751
8.1,3.56,0.634,13.36439,0.011749
8.1,3.54,0.634,13.98996,0.011747
8.1,3.52,0.634,14.583,0.011745
8.1,3.5,0.634,15.16382,0.011744
8.1,3.48,0.634,15.72663,0.011743
8.1,3.46,0.634,16.27906,0.011742
8.1,3.44,0.634,16.818,0.011741
8.1,3.42,0.633,17.33902,0.01174
8.1,3.4,0.633,17.8518,0.011739
8.2,4.9,0.814,2.8E-4,0.011933
8.2,4.88,0.81,3.4E-4,0.011911
8.2,4.86,0.807,4.1E-4,0.011887
8.2,4.84,0.803,4.9E-4,0.011862
8.2,4.82,0.799,5.8E-4,0.011835
8.2,4.8,0.796,6.9E-4,0.011808
8.2,4.78,0.792,8.1E-4,0.011781
8.2,4.76,0.789,9.5E-4,0.011753
8.2,4.74,0.786,0.00112,0.011726
8.2,4.72,0.782,0.0013,0.0117
8.2,4.7,0.779,0.00152,0.011675
8.2,4.68,0.776,0.00177,0.01165
8.2,4.66,0.773,0.00207,0.011625
8.2,4.64,0.77,0.00243,0.011601
8.2,4.62,0.768,0.00286,0.011578
8.2,4.6,0.765,0.00339,0.011555
8.2,4.58,0.762,0.00406,0.011532
8.2,4.56,0.76,0.00493,0.011511
8.2,4.54,0.757,0.00612,0.01149
8.2,4.52,0.755,0.00781,0.011469
8.2,4.5,0.752,0.0103,0.011449
8.2,4.48,0.75,0.01387,0.01143
8.2,4.46,0.748,0.01866,0.011411
8.2,4.44,0.746,0.02476,0.011392
8.2,4.42,0.743,0.0322,0.011374
8.2,4.4,0.741,0.04115,0.011357
8.2,4.38,0.739,0.05179,0.011341
8.2,4.36,0.738,0.06431,0.011325
8.2,4.34,0.736,0.07884,0.01131
8.2,4.32,0.734,0.09547,0.011295
8.2,4.3,0.732,0.11441,0.011281
8.2,4.28,0.731,0.1359,0.011268
8.2,4.26,0.729,0.16005,0.011255
8.2,4.24,0.728,0.18702,0.011243
8.2,4.22,0.727,0.21709,0.011231
8.2,4.2,0.725,0.25058,0.01122
8.2,4.18,0.724,0.28782,0.01121
8.2,4.16,0.723,0.32932,0.0112
8.2,4.14,0.722,0.37565,0.011191
8.2,4.12,0.721,0.42739,0.011182
8.2,4.1,0.72,0.48519,0.011173
8.2,4.08,0.719,0.54976,0.011164
8.2,4.06,0.718,0.62178,0.011156
8.2,4.04,0.717,0.70217,0.011148
8.2,4.02,0.716,0.79204,0.01114
8.2,4.0,0.715,0.8926,0.011133
8.2,3.98,0.714,1.00504,0.011126
8.2,3.96,0.713,1.13109,0.011119
8.2,3.94,0.713,1.28308,0.011113
8.2,3.92,0.712,1.46981,0.011106
8.2,3.9,0.711,1.68415,0.0111
8.2,3.88,0.71,1.91955,0.011094
8.2,3.86,0.71,2.18701,0.011088
8.2,3.84,0.709,2.48219,0.011082
8.2,3.82,0.708,2.81557,0.011076
8.2,3.8,0.707,3.1908,0.011069
8.2,3.78,0.706,3.68253,0.011061
8.2,3.76,0.705,4.32718,0.011052
8.2,3.74,0.704,5.10784,0.011043
8.2,3.72,0.703,6.15234,0.011032
8.2,3.7,0.702,7.40019,0.011022
8.2,3.68,0.701,8.69896,0.011014
8.2,3.66,0.7,9.98034,0.011007
8.2,3.64,0.699,11.05464,0.011003
8.2,3.62,0.699,11.95132,0.010999
8.2,3.6,0.699,12.71834,0.010996
8.2,3.58,0.698,13.38843,0.010994
8.2,3.56,0.698,13.98582,0.010992
8.2,3.54,0.698,14.55175,0.01099
8.2,3.52,0.698,15.07838,0.010989
8.2,3.5,0.698,15.59484,0.010988
8.2,3.48,0.698,16.09402,0.010987
8.2,3.46,0.698,16.5818,0.010986
8.2,3.44,0.697,17.05399,0.010985
8.2,3.42,0.697,17.50626,0.010985
8.2,3.4,0.697,17.94914,0.010984
8.3,4.9,0.861,3.2E-4,0.010886
8.3,4.88,0.857,3.7E-4,0.010861
8.3,4.86,0.854,4.4E-4,0.010838
8.3,4.84,0.85,5.1E-4,0.010815
8.3,4.82,0.847,6.0E-4,0.010792
8.3,4.8,0.844,6.9E-4,0.01077
8.3,4.78,0.841,8.0E-4,0.010749
8.3,4.76,0.838,9.3E-4,0.010728
8.3,4.74,0.835,0.00108,0.010708
8.3,4.72,0.832,0.00126,0.01069
8.3,4.7,0.83,0.00147,0.010679
8.3,4.68,0.827,0.00171,0.010667
8.3,4.66,0.825,0.00201,0.010655
8.3,4.64,0.823,0.00237,0.010643
8.3,4.62,0.82,0.00281,0.010631
8.3,4.6,0.818,0.00336,0.010619
8.3,4.58,0.816,0.00409,0.010607
8.3,4.56,0.814,0.00508,0.010594
8.3,4.54,0.812,0.0065,0.010582
8.3,4.52,0.81,0.00862,0.01057
8.3,4.5,0.808,0.01187,0.010557
8.3,4.48,0.806,0.01672,0.010545
8.3,4.46,0.804,0.02333,0.010533
8.3,4.44,0.802,0.03173,0.010521
8.3,4.42,0.801,0.0418,0.01051
8.3,4.4,0.799,0.05357,0.010499
8.3,4.38,0.797,0.06709,0.010488
8.3,4.36,0.796,0.08251,0.010478
8.3,4.34,0.794,0.09996,0.010468
8.3,4.32,0.793,0.11957,0.010458
8.3,4.3,0.792,0.14158,0.010449
8.3,4.28,0.79,0.16632,0.01044
8.3,4.26,0.789,0.19401,0.010432
8.3,4.24,0.788,0.22493,0.010424
8.3,4.22,0.787,0.25947,0.010416
8.3,4.2,0.786,0.29808,0.010409
8.3,4.18,0.785,0.34124,0.010402
8.3,4.16,0.784,0.38959,0.010395
8.3,4.14,0.783,0.44376,0.010388
8.3,4.12,0.782,0.5044,0.010382
8.3,4.1,0.781,0.57226,0.010376
8.3,4.08,0.78,0.64821,0.01037
8.3,4.06,0.779,0.73318,0.010364
8.3,4.04,0.779,0.82835,0.010359
8.3,4.02,0.778,0.93514,0.010353
8.3,4.0,0.777,1.05516,0.010348
8.3,3.98,0.776,1.18958,0.010344
8.3,3.96,0.776,1.34014,0.010339
8.3,3.94,0.775,1.53131,0.010334
8.3,3.92,0.774,1.77988,0.01033
8.3,3.9,0.774,2.06677,0.010326
8.3,3.88,0.773,2.37484,0.010321
8.3,3.86,0.773,2.72219,0.010317
8.3,3.84,0.772,3.09677,0.010313
8.3,3.82,0.771,3.51328,0.010308
8.3,3.8,0.771,3.9646,0.010304
8.3,3.78,0.77,4.5172,0.010298
8.3,3.76,0.769,5.23243,0.010292
8.3,3.74,0.768,6.13755,0.010285
8.3,3.72,0.767,7.27835,0.010277
8.3,3.7,0.766,8.52546,0.01027
8.3,3.68,0.765,9.7241,0.010265
8.3,3.66,0.765,10.82861,0.01026
8.3,3.64,0.764,11.77178,0.010257
8.3,3.62,0.764,12.5541,0.010255
8.3,3.6,0.764,13.22609,0.010253
8.3,3.58,0.764,13.81547,0.010251
8.3,3.56,0.763,14.34566,0.01025
8.3,3.54,0.763,14.83391,0.010249
8.3,3.52,0.763,15.28726,0.010248
8.3,3.5,0.763,15.72964,0.010247
8.3,3.48,0.763,16.16312,0.010246
8.3,3.46,0.763,16.59075,0.010245
8.3,3.44,0.763,17.01035,0.010245
8.3,3.42,0.763,17.41967,0.010244
8.3,3.4,0.763,17.82417,0.010243
8.4,4.9,0.913,3.7E-4,0.009985
8.4,4.88,0.91,4.2E-4,0.009966
8.4,4.86,0.907,4.9E-4,0.009948
8.4,4.84,0.904,5.6E-4,0.00993
8.4,4.82,0.901,6.5E-4,0.009913
8.4,4.8,0.898,7.4E-4,0.009899
8.4,4.78,0.896,8.5E-4,0.009886
8.4,4.76,0.893,9.8E-4,0.009873
8.4,4.74,0.891,0.00113,0.009861
8.4,4.72,0.888,0.00131,0.009848
8.4,4.7,0.886,0.00152,0.009836
8.4,4.68,0.884,0.00178,0.009824
8.4,4.66,0.882,0.0021,0.009812
8.4,4.64,0.88,0.0025,0.009801
8.4,4.62,0.878,0.00304,0.00979
8.4,4.6,0.876,0.00376,0.009779
8.4,4.58,0.874,0.0048,0.009768
8.4,4.56,0.872,0.00637,0.009758
8.4,4.54,0.87,0.00884,0.009747
8.4,4.52,0.868,0.01259,0.009737
8.4,4.5,0.866,0.01787,0.009726
8.4,4.48,0.864,0.02485,0.009716
8.4,4.46,0.863,0.03345,0.009706
8.4,4.44,0.861,0.04387,0.009697
8.4,4.42,0.86,0.05609,0.009688
8.4,4.4,0.858,0.07018,0.009679
8.4,4.38,0.857,0.08614,0.009671
8.4,4.36,0.855,0.10402,0.009663
8.4,4.34,0.854,0.12392,0.009656
8.4,4.32,0.853,0.1462,0.009649
8.4,4.3,0.852,0.17116,0.009642
8.4,4.28,0.851,0.19913,0.009636
8.4,4.26,0.85,0.23033,0.00963
8.4,4.24,0.849,0.26497,0.009624
8.4,4.22,0.848,0.30375,0.009619
8.4,4.2,0.847,0.34731,0.009613
8.4,4.18,0.846,0.39627,0.009608
8.4,4.16,0.845,0.45127,0.009604
8.4,4.14,0.844,0.51273,0.009599
8.4,4.12,0.844,0.58153,0.009595
8.4,4.1,0.843,0.65873,0.00959
8.4,4.08,0.842,0.74538,0.009586
8.4,4.06,0.841,0.84263,0.009582
8.4,4.04,0.841,0.95155,0.009578
8.4,4.02,0.84,1.0737,0.009574
8.4,4.0,0.84,1.21364,0.009571
8.4,3.98,0.839,1.37351,0.009567
8.4,3.96,0.838,1.55223,0.009564
8.4,3.94,0.838,1.78265,0.009561
8.4,3.92,0.837,2.08611,0.009557
8.4,3.9,0.837,2.43788,0.009554
8.4,3.88,0.836,2.81321,0.009551
8.4,3.86,0.836,3.23611,0.009549
8.4,3.84,0.835,3.68913,0.009546
8.4,3.82,0.835,4.19003,0.009543
8.4,3.8,0.834,4.72218,0.009539
8.4,3.78,0.834,5.34196,0.009535
8.4,3.76,0.833,6.13748,0.009531
8.4,3.74,0.832,7.16725,0.009527
8.4,3.72,0.831,8.40434,0.009522
8.4,3.7,0.831,9.65071,0.009519
8.4,3.68,0.83,10.74924,0.009516
8.4,3.66,0.83,11.67687,0.009513
8.4,3.64,0.829,12.48891,0.009512
8.4,3.62,0.829,13.15687,0.00951
8.4,3.6,0.829,13.73383,0.009509
8.4,3.58,0.829,14.24249,0.009508
8.4,3.56,0.829,14.7055,0.009508
8.4,3.54,0.828,15.11608,0.009507
8.4,3.52,0.828,15.49615,0.009507
8.4,3.5,0.828,15.86443,0.009506
8.4,3.48,0.828,16.23222,0.009505
8.4,3.46,0.828,16.59969,0.009505
8.4,3.44,0.828,16.9667,0.009504
8.4,3.42,0.828,17.33309,0.009503
8.4,3.4,0.828,17.6992,0.009503
8.5,4.9,0.967,3.9E-4,0.00916
8.5,4.88,0.965,4.4E-4,0.009146
8.5,4.86,0.962,5.1E-4,0.009133
8.5,4.84,0.959,5.8E-4,0.00912
8.5,4.82,0.957,6.6E-4,0.009108
8.5,4.8,0.955,7.6E-4,0.009096
8.5,4.78,0.952,8.7E-4,0.009084
8.5,4.76,0.95,0.00101,0.009073
8.5,4.74,0.948,0.00116,0.009064
8.5,4.72,0.946,0.00136,0.009054
8.5,4.7,0.944,0.00159,0.009045
8.5,4.68,0.942,0.00189,0.009036
8.5,4.66,0.94,0.00229,0.009028
8.5,4.64,0.938,0.00284,0.009019
8.5,4.62,0.937,0.00362,0.009011
8.5,4.6,0.935,0.00484,0.009003
8.5,4.58,0.933,0.00686,0.008994
8.5,4.56,0.931,0.01014,0.008986
8.5,4.54,0.929,0.01501,0.008978
8.5,4.52,0.928,0.0215,0.008969
8.5,4.5,0.926,0.02958,0.008962
8.5,4.48,0.925,0.0393,0.008954
8.5,4.46,0.923,0.05044,0.008947
8.5,4.44,0.922,0.06322,0.008941
8.5,4.42,0.921,0.07769,0.008934
8.5,4.4,0.919,0.0939,0.008928
8.5,4.38,0.918,0.11211,0.008922
8.5,4.36,0.917,0.13236,0.008917
8.5,4.34,0.916,0.15472,0.008912
8.5,4.32,0.915,0.1799,0.008907
8.5,4.3,0.914,0.20812,0.008902
8.5,4.28,0.913,0.23958,0.008897
8.5,4.26,0.912,0.27464,0.008893
8.5,4.24,0.911,0.31329,0.008888
8.5,4.22,0.911,0.35659,0.008884
8.5,4.2,0.91,0.40532,0.008881
8.5,4.18,0.909,0.45985,0.008877
8.5,4.16,0.908,0.52102,0.008873
8.5,4.14,0.908,0.58809,0.00887
8.5,4.12,0.907,0.6624,0.008867
8.5,4.1,0.907,0.74576,0.008864
8.5,4.08,0.906,0.8387,0.00886
8.5,4.06,0.905,0.94312,0.008857
8.5,4.04,0.905,1.05987,0.008854
8.5,4.02,0.904,1.1882,0.008852
8.5,4.0,0.904,1.35027,0.008849
8.5,3.98,0.903,1.56091,0.008847
8.5,3.96,0.903,1.8019,0.008844
8.5,3.94,0.902,2.07328,0.008842
8.5,3.92,0.902,2.34474,0.008839
8.5,3.9,0.901,2.63899,0.008837
8.5,3.88,0.901,2.9601,0.008835
8.5,3.86,0.9,3.31651,0.008832
8.5,3.84,0.9,3.72995,0.00883
8.5,3.82,0.9,4.2073,0.008828
8.5,3.8,0.899,4.76394,0.008826
8.5,3.78,0.898,5.34763,0.008823
8.5,3.76,0.898,6.06353,0.00882
8.5,3.74,0.897,7.04083,0.008817
8.5,3.72,0.896,8.19552,0.008813
8.5,3.7,0.896,9.29775,0.008811
8.5,3.68,0.895,10.28209,0.008809
8.5,3.66,0.895,11.1064,0.008807
8.5,3.64,0.895,11.80504,0.008806
8.5,3.62,0.895,12.37624,0.008805
8.5,3.6,0.894,12.85567,0.008804
8.5,3.58,0.894,13.27605,0.008804
8.5,3.56,0.894,13.64966,0.008803
8.5,3.54,0.894,13.98307,0.008803
8.5,3.52,0.894,14.28577,0.008803
8.5,3.5,0.894,14.55102,0.008802
8.5,3.48,0.894,14.79172,0.008802
8.5,3.46,0.894,15.01533,0.008802
8.5,3.44,0.894,15.22392,0.008802
8.5,3.42,0.894,15.41457,0.008801
8.5,3.4,0.894,15.59309,0.008801
8.6,4.9,1.021,3.9E-4,0.008387
8.6,4.88,1.018,4.4E-4,0.008377
8.6,4.86,1.016,5.1E-4,0.008368
8.6,4.84,1.014,5.8E-4,0.008358
8.6,4.82,1.012,6.6E-4,0.008349
8.6,4.8,1.01,7.6E-4,0.008341
8.6,4.78,1.008,8.8E-4,0.008333
8.6,4.76,1.006,0.00103,0.008325
8.6,4.74,1.005,0.0012,0.008317
8.6,4.72,1.003,0.00143,0.008309
8.6,4.7,1.001,0.00173,0.008301
8.6,4.68,1.0,0.00214,0.008294
8.6,4.66,0.998,0.00273,0.008288
8.6,4.64,0.996,0.00369,0.008282
8.6,4.62,0.995,0.00538,0.008275
8.6,4.6,0.993,0.00836,0.008269
8.6,4.58,0.991,0.013,0.008262
8.6,4.56,0.99,0.01914,0.008256
8.6,4.54,0.988,0.02667,0.00825
8.6,4.52,0.987,0.03562,0.008245
8.6,4.5,0.986,0.04598,0.008239
8.6,4.48,0.984,0.05781,0.008234
8.6,4.46,0.983,0.07119,0.008229
8.6,4.44,0.982,0.08606,0.008224
8.6,4.42,0.981,0.10274,0.00822
8.6,4.4,0.98,0.12135,0.008216
8.6,4.38,0.979,0.14221,0.008212
8.6,4.36,0.978,0.16569,0.008208
8.6,4.34,0.977,0.1917,0.008204
8.6,4.32,0.976,0.22057,0.0082
8.6,4.3,0.975,0.25279,0.008197
8.6,4.28,0.975,0.28847,0.008194
8.6,4.26,0.974,0.32863,0.00819
8.6,4.24,0.973,0.37342,0.008187
8.6,4.22,0.973,0.42327,0.008185
8.6,4.2,0.972,0.47898,0.008182
8.6,4.18,0.971,0.54031,0.008179
8.6,4.16,0.971,0.60931,0.008177
8.6,4.14,0.97,0.68617,0.008175
8.6,4.12,0.97,0.77127,0.008172
8.6,4.1,0.969,0.86892,0.00817
8.6,4.08,0.969,0.98388,0.008168
8.6,4.06,0.968,1.11736,0.008166
8.6,4.04,0.968,1.28109,0.008163
8.6,4.02,0.967,1.47562,0.008161
8.6,4.0,0.967,1.69305,0.008159
8.6,3.98,0.966,1.91489,0.008158
8.6,3.96,0.966,2.16419,0.008156
8.6,3.94,0.965,2.43549,0.008154
8.6,3.92,0.965,2.73313,0.008152
8.6,3.9,0.965,3.06862,0.008151
8.6,3.88,0.964,3.44688,0.008149
8.6,3.86,0.964,3.86608,0.008148
8.6,3.84,0.964,4.32274,0.008146
8.6,3.82,0.963,4.80908,0.008144
8.6,3.8,0.963,5.34084,0.008142
8.6,3.78,0.962,5.91655,0.00814
8.6,3.76,0.962,6.63686,0.008138
8.6,3.74,0.961,7.58849,0.008135
8.6,3.72,0.961,8.64873,0.008133
8.6,3.7,0.96,9.6009,0.008131
8.6,3.68,0.96,10.46447,0.00813
8.6,3.66,0.96,11.14675,0.008129
8.6,3.64,0.959,11.70886,0.008128
8.6,3.62,0.959,12.18273,0.008127
8.6,3.6,0.959,12.56876,0.008127
8.6,3.58,0.959,12.90114,0.008126
8.6,3.56,0.959,13.18751,0.008126
8.6,3.54,0.959,13.43825,0.008126
8.6,3.52,0.959,13.66902,0.008125
8.6,3.5,0.959,13.87629,0.008125
8.6,3.48,0.959,14.06467,0.008125
8.6,3.46,0.959,14.23645,0.008125
8.6,3.44,0.959,14.39732,0.008125
8.6,3.42,0.959,14.54866,0.008125
8.6,3.4,0.959,14.69423,0.008125
8.7,4.9,1.062,3.5E-4,0.007571
8.7,4.88,1.06,4.0E-4,0.007564
8.7,4.86,1.059,4.5E-4,0.007557
8.7,4.84,1.058,5.0E-4,0.00755
8.7,4.82,1.056,5.7E-4,0.007544
8.7,4.8,1.055,6.4E-4,0.007537
8.7,4.78,1.054,7.2E-4,0.007531
8.7,4.76,1.053,8.0E-4,0.007526
8.7,4.74,1.052,8.5E-4,0.00752
8.7,4.72,1.051,7.6E-4,0.007515
8.7,4.7,1.05,7.0E-5,0.007509
8.7,4.68,1.049,-0.00198,0.007504
8.7,4.66,1.048,-0.0044,0.007498
8.7,4.64,1.047,-0.00486,0.007492
8.7,4.62,1.045,-0.00214,0.007485
8.7,4.6,1.049,0.0172,0.007572
8.7,4.58,1.047,0.02428,0.007568
8.7,4.56,1.046,0.03262,0.007564
8.7,4.54,1.045,0.04225,0.00756
8.7,4.52,1.044,0.05322,0.007556
8.7,4.5,1.043,0.0656,0.007552
8.7,4.48,1.042,0.0793,0.007548
8.7,4.46,1.041,0.09458,0.007545
8.7,4.44,1.04,0.11179,0.007542
8.7,4.42,1.039,0.13118,0.007539
8.7,4.4,1.038,0.15295,0.007536
8.7,4.38,1.037,0.17708,0.007533
8.7,4.36,1.036,0.20361,0.00753
8.7,4.34,1.036,0.23322,0.007527
8.7,4.32,1.035,0.26624,0.007525
8.7,4.3,1.034,0.30332,0.007523
8.7,4.28,1.034,0.34473,0.00752
8.7,4.26,1.033,0.39022,0.007518
8.7,4.24,1.032,0.44092,0.007516
8.7,4.22,1.032,0.49755,0.007514
8.7,4.2,1.031,0.56111,0.007512
8.7,4.18,1.031,0.63174,0.00751
8.7,4.16,1.03,0.71034,0.007509
8.7,4.14,1.03,0.80551,0.007507
8.7,4.12,1.029,0.92193,0.007506
8.7,4.1,1.029,1.05421,0.007504
8.7,4.08,1.029,1.21294,0.007502
8.7,4.06,1.028,1.38749,0.007501
8.7,4.04,1.028,1.57659,0.007499
8.7,4.02,1.027,1.77598,0.007498
8.7,4.0,1.027,1.99477,0.007496
8.7,3.98,1.027,2.23823,0.007495
8.7,3.96,1.026,2.51525,0.007494
8.7,3.94,1.026,2.82224,0.007493
8.7,3.92,1.026,3.16137,0.007491
8.7,3.9,1.025,3.5311,0.00749
8.7,3.88,1.025,3.92757,0.007489
8.7,3.86,1.025,4.34695,0.007488
8.7,3.84,1.024,4.78341,0.007487
8.7,3.82,1.024,5.24095,0.007486
8.7,3.8,1.024,5.73485,0.007484
8.7,3.78,1.023,6.29845,0.007483
8.7,3.76,1.023,7.02669,0.007481
8.7,3.74,1.022,7.92709,0.007479
8.7,3.72,1.022,8.85652,0.007478
8.7,3.7,1.022,9.65401,0.007477
8.7,3.68,1.021,10.36111,0.007476
8.7,3.66,1.021,10.92553,0.007475
8.7,3.64,1.021,11.35808,0.007475
8.7,3.62,1.021,11.72697,0.007474
8.7,3.6,1.021,12.01832,0.007474
8.7,3.58,1.021,12.26822,0.007473
8.7,3.56,1.021,12.48565,0.007473
8.7,3.54,1.021,12.67837,0.007473
8.7,3.52,1.021,12.86449,0.007473
8.7,3.5,1.021,13.04431,0.007473
8.7,3.48,1.02,13.22005,0.007473
8.7,3.46,1.02,13.39193,0.007473
8.7,3.44,1.02,13.56411,0.007473
8.7,3.42,1.02,13.7365,0.007473
8.7,3.4,1.02,13.90911,0.007473
8.8,4.9,1.108,3.3E-4,0.006941
8.8,4.88,1.106,3.7E-4,0.006936
8.8,4.86,1.105,4.2E-4,0.006932
8.8,4.84,1.104,4.8E-4,0.006927
8.8,4.82,1.103,5.5E-4,0.006923
8.8,4.8,1.102,6.4E-4,0.006918
8.8,4.78,1.1,7.5E-4,0.006914
8.8,4.76,1.099,8.8E-4,0.00691
8.8,4.74,1.098,0.00106,0.006906
8.8,4.72,1.097,0.0013,0.006902
8.8,4.7,1.096,0.00164,0.006898
8.8,4.68,1.095,0.00212,0.006894
8.8,4.66,1.094,0.00317,0.00689
8.8,4.64,1.093,0.00592,0.006885
8.8,4.62,1.092,0.01107,0.006881
8.8,4.6,1.091,0.01811,0.006876
8.8,4.58,1.09,0.02665,0.006873
8.8,4.56,1.089,0.03654,0.006869
8.8,4.54,1.088,0.04774,0.006866
8.8,4.52,1.088,0.06033,0.006863
8.8,4.5,1.087,0.07441,0.00686
8.8,4.48,1.086,0.09018,0.006857
8.8,4.46,1.086,0.10778,0.006855
8.8,4.44,1.085,0.12738,0.006852
8.8,4.42,1.084,0.14922,0.00685
8.8,4.4,1.084,0.17361,0.006848
8.8,4.38,1.083,0.20076,0.006846
8.8,4.36,1.083,0.23054,0.006844
8.8,4.34,1.082,0.26107,0.006842
8.8,4.32,1.082,0.29369,0.006841
8.8,4.3,1.082,0.33087,0.006839
8.8,4.28,1.082,0.38154,0.006839
8.8,4.26,1.081,0.45668,0.006836
8.8,4.24,1.081,0.53926,0.006833
8.8,4.22,1.08,0.62858,0.006831
8.8,4.2,1.079,0.72202,0.006829
8.8,4.18,1.079,0.82079,0.006827
8.8,4.16,1.079,0.92353,0.006825
8.8,4.14,1.078,1.03092,0.006824
8.8,4.12,1.078,1.14389,0.006822
8.8,4.1,1.077,1.2621,0.006821
8.8,4.08,1.077,1.38729,0.006819
8.8,4.06,1.077,1.52527,0.006818
8.8,4.04,1.076,1.67095,0.006816
8.8,4.02,1.076,1.82769,0.006815
8.8,4.0,1.076,1.98403,0.006814
8.8,3.98,1.076,2.14697,0.006813
8.8,3.96,1.075,2.32555,0.006812
8.8,3.94,1.075,2.52078,0.006812
8.8,3.92,1.075,2.73317,0.006811
8.8,3.9,1.075,2.9632,0.00681
8.8,3.88,1.075,3.21297,0.006809
8.8,3.86,1.075,3.48152,0.006809
8.8,3.84,1.074,3.76966,0.006808
8.8,3.82,1.074,4.0782,0.006807
8.8,3.8,1.074,4.40912,0.006806
8.8,3.78,1.074,4.78783,0.006805
8.8,3.76,1.073,5.29837,0.006804
8.8,3.74,1.073,5.94417,0.006803
8.8,3.72,1.073,6.59372,0.006802
8.8,3.7,1.073,7.14953,0.006802
8.8,3.68,1.073,7.60425,0.006801
8.8,3.66,1.073,7.96244,0.006801
8.8,3.64,1.072,8.22423,0.0068
8.8,3.62,1.072,8.45096,0.0068
8.8,3.6,1.072,8.63057,0.0068
8.8,3.58,1.072,8.78144,0.0068
8.8,3.56,1.072,8.90124,0.0068
8.8,3.54,1.072,9.00462,0.006799
8.8,3.52,1.072,9.08816,0.006799
8.8,3.5,1.072,9.15747,0.006799
8.8,3.48,1.072,9.22307,0.006798
8.8,3.46,1.072,9.28866,0.006796
8.8,3.44,1.072,9.35426,0.006795
8.8,3.42,1.072,9.41987,0.006794
8.8,3.4,1.072,9.48548,0.006792
8.9,4.9,1.153,3.1E-4,0.006311
8.9,4.88,1.152,3.5E-4,0.006309
8.9,4.86,1.151,4.0E-4,0.006306
8.9,4.84,1.15,4.6E-4,0.006304
8.9,4.82,1.149,5.4E-4,0.006301
8.9,4.8,1.148,6.4E-4,0.006299
8.9,4.78,1.147,7.7E-4,0.006297
8.9,4.76,1.146,9.7E-4,0.006294
8.9,4.74,1.145,0.00127,0.006292
8.9,4.72,1.144,0.00184,0.00629
8.9,4.7,1.143,0.00321,0.006287
8.9,4.68,1.142,0.00623,0.006284
8.9,4.66,1.141,0.01073,0.006282
8.9,4.64,1.14,0.0167,0.006279
8.9,4.62,1.139,0.02429,0.006276
8.9,4.6,1.138,0.03334,0.006274
8.9,4.58,1.137,0.04377,0.006272
8.9,4.56,1.136,0.05561,0.00627
8.9,4.54,1.135,0.06892,0.006268
8.9,4.52,1.135,0.08384,0.006266
8.9,4.5,1.134,0.10055,0.006264
8.9,4.48,1.133,0.11925,0.006263
8.9,4.46,1.133,0.14011,0.006261
8.9,4.44,1.132,0.16337,0.00626
8.9,4.42,1.132,0.18932,0.006258
8.9,4.4,1.131,0.21822,0.006257
8.9,4.38,1.131,0.25039,0.006256
8.9,4.36,1.131,0.28719,0.006255
8.9,4.34,1.13,0.33342,0.006253
8.9,4.32,1.13,0.38685,0.006252
8.9,4.3,1.129,0.44449,0.006251
8.9,4.28,1.129,0.50969,0.00625
8.9,4.26,1.128,0.58697,0.006248
8.9,4.24,1.128,0.66958,0.006247
8.9,4.22,1.127,0.75724,0.006245
8.9,4.2,1.127,0.84906,0.006244
8.9,4.18,1.126,0.9458,0.006243
8.9,4.16,1.126,1.04762,0.006242
8.9,4.14,1.125,1.15477,0.006241
8.9,4.12,1.125,1.26818,0.00624
8.9,4.1,1.125,1.38829,0.006239
8.9,4.08,1.124,1.51586,0.006238
8.9,4.06,1.124,1.64825,0.006237
8.9,4.04,1.124,1.79036,0.006236
8.9,4.02,1.124,1.94392,0.006235
8.9,4.0,1.124,2.10421,0.006235
8.9,3.98,1.123,2.27431,0.006234
8.9,3.96,1.123,2.45797,0.006234
8.9,3.94,1.123,2.65549,0.006233
8.9,3.92,1.123,2.86689,0.006233
8.9,3.9,1.123,3.0924,0.006232
8.9,3.88,1.123,3.33272,0.006232
8.9,3.86,1.122,3.5878,0.006231
8.9,3.84,1.122,3.85754,0.006231
8.9,3.82,1.122,4.14231,0.00623
8.9,3.8,1.122,4.44753,0.00623
8.9,3.78,1.122,4.80743,0.006229
8.9,3.76,1.122,5.28232,0.006229
8.9,3.74,1.121,5.83504,0.006228
8.9,3.72,1.121,6.35902,0.006228
8.9,3.7,1.121,6.80043,0.006227
8.9,3.68,1.121,7.14965,0.006227
8.9,3.66,1.121,7.4212,0.006226
8.9,3.64,1.121,7.62342,0.006226
8.9,3.62,1.121,7.79493,0.006226
8.9,3.6,1.121,7.92852,0.006226
8.9,3.58,1.121,8.03957,0.006226
8.9,3.56,1.121,8.12896,0.006226
8.9,3.54,1.121,8.20452,0.006226
8.9,3.52,1.121,8.27074,0.006226
8.9,3.5,1.121,8.33063,0.006226
8.9,3.48,1.12,8.38887,0.006225
8.9,3.46,1.12,8.44712,0.006225
8.9,3.44,1.12,8.50538,0.006224
8.9,3.42,1.12,8.56363,0.006224
8.9,3.4,1.12,8.6219,0.006223
9.0,4.9,1.193,2.9E-4,0.005737
9.0,4.88,1.192,3.4E-4,0.005734
9.0,4.86,1.192,3.9E-4,0.005732
9.0,4.84,1.191,4.6E-4,0.00573
9.0,4.82,1.19,5.6E-4,0.005728
9.0,4.8,1.189,7.0E-4,0.005726
9.0,4.78,1.188,9.5E-4,0.005724
9.0,4.76,1.187,0.00156,0.005722
9.0,4.74,1.186,0.0032,0.005719
9.0,4.72,1.185,0.0057,0.005717
9.0,4.7,1.184,0.00922,0.005714
9.0,4.68,1.184,0.01453,0.005712
9.0,4.66,1.183,0.0215,0.005709
9.0,4.64,1.182,0.02987,0.005707
9.0,4.62,1.181,0.03959,0.005705
9.0,4.6,1.181,0.05068,0.005703
9.0,4.58,1.18,0.06319,0.005701
9.0,4.56,1.179,0.07726,0.005699
9.0,4.54,1.179,0.09303,0.005698
9.0,4.52,1.178,0.11068,0.005696
9.0,4.5,1.178,0.13045,0.005695
9.0,4.48,1.177,0.15251,0.005694
9.0,4.46,1.177,0.17708,0.005692
9.0,4.44,1.177,0.20577,0.005691
9.0,4.42,1.176,0.24084,0.00569
9.0,4.4,1.175,0.27947,0.005688
9.0,4.38,1.174,0.32097,0.005686
9.0,4.36,1.173,0.36647,0.005685
9.0,4.34,1.173,0.42409,0.005684
9.0,4.32,1.172,0.49013,0.005682
9.0,4.3,1.172,0.56086,0.005681
9.0,4.28,1.171,0.63523,0.005679
9.0,4.26,1.171,0.71361,0.005678
9.0,4.24,1.17,0.79602,0.005677
9.0,4.22,1.17,0.88239,0.005675
9.0,4.2,1.17,0.97311,0.005674
9.0,4.18,1.169,1.0685,0.005674
9.0,4.16,1.169,1.16968,0.005673
9.0,4.14,1.169,1.27604,0.005672
9.0,4.12,1.169,1.38876,0.005671
9.0,4.1,1.169,1.50924,0.00567
9.0,4.08,1.168,1.63752,0.00567
9.0,4.06,1.168,1.76588,0.005669
9.0,4.04,1.168,1.90481,0.005669
9.0,4.02,1.168,2.05475,0.005668
9.0,4.0,1.168,2.21597,0.005668
9.0,3.98,1.168,2.38864,0.005667
9.0,3.96,1.168,2.57255,0.005667
9.0,3.94,1.168,2.76747,0.005667
9.0,3.92,1.167,2.97299,0.005666
9.0,3.9,1.167,3.18917,0.005666
9.0,3.88,1.167,3.41562,0.005666
9.0,3.86,1.167,3.65283,0.005665
9.0,3.84,1.167,3.90007,0.005665
9.0,3.82,1.167,4.15751,0.005665
9.0,3.8,1.167,4.43388,0.005664
9.0,3.78,1.167,4.76943,0.005664
9.0,3.76,1.167,5.2007,0.005663
9.0,3.74,1.167,5.65908,0.005663
9.0,3.72,1.166,6.06285,0.005662
9.0,3.7,1.166,6.3956,0.005662
9.0,3.68,1.166,6.64664,0.005662
9.0,3.66,1.166,6.83801,0.005662
9.0,3.64,1.166,6.9852,0.005662
9.0,3.62,1.166,7.10554,0.005661
9.0,3.6,1.166,7.19835,0.005661
9.0,3.58,1.166,7.27537,0.005661
9.0,3.56,1.166,7.33969,0.005661
9.0,3.54,1.166,7.39343,0.005661
9.0,3.52,1.166,7.44632,0.005661
9.0,3.5,1.166,7.49921,0.005661
9.0,3.48,1.166,7.5521,0.005661
9.0,3.46,1.166,7.60499,0.005661
9.0,3.44,1.166,7.65787,0.005661
9.0,3.42,1.166,7.71076,0.005661
9.0,3.4,1.166,7.76364,0.005661
9.1,4.9,1.231,2.8E-4,0.005184
9.1,4.88,1.23,3.3E-4,0.005182
9.1,4.86,1.23,3.9E-4,0.00518
9.1,4.84,1.229,5.0E-4,0.005178
9.1,4.82,1.228,7.3E-4,0.005175
9.1,4.8,1.228,0.00104,0.005173
9.1,4.78,1.227,0.00148,0.005171
9.1,4.76,1.226,0.00255,0.005168
9.1,4.74,1.225,0.00589,0.005165
9.1,4.72,1.224,0.01117,0.005163
9.1,4.7,1.224,0.01765,0.005163
9.1,4.68,1.223,0.0254,0.005162
9.1,4.66,1.222,0.03444,0.005161
9.1,4.64,1.221,0.04481,0.00516
9.1,4.62,1.221,0.05656,0.005159
9.1,4.6,1.22,0.06981,0.005158
9.1,4.58,1.22,0.08469,0.005158
9.1,4.56,1.219,0.10141,0.005157
9.1,4.54,1.219,0.12015,0.005156
9.1,4.52,1.218,0.14113,0.005156
9.1,4.5,1.218,0.16459,0.005155
9.1,4.48,1.217,0.19075,0.005155
9.1,4.46,1.217,0.21982,0.005154
9.1,4.44,1.216,0.25643,0.005153
9.1,4.42,1.214,0.30774,0.005151
9.1,4.4,1.212,0.36393,0.005149
9.1,4.38,1.21,0.42183,0.005147
9.1,4.36,1.208,0.47968,0.005146
9.1,4.34,1.207,0.54328,0.005145
9.1,4.32,1.206,0.6102,0.005144
9.1,4.3,1.205,0.68204,0.005143
9.1,4.28,1.205,0.75589,0.005142
9.1,4.26,1.205,0.83311,0.005141
9.1,4.24,1.204,0.91446,0.005141
9.1,4.22,1.204,1.0,0.00514
9.1,4.2,1.204,1.09047,0.00514
9.1,4.18,1.203,1.18584,0.005139
9.1,4.16,1.203,1.28687,0.005139
9.1,4.14,1.203,1.39094,0.005139
9.1,4.12,1.203,1.49983,0.005138
9.1,4.1,1.203,1.61633,0.005138
9.1,4.08,1.203,1.74033,0.005138
9.1,4.06,1.202,1.86856,0.005137
9.1,4.04,1.202,2.00513,0.005137
9.1,4.02,1.202,2.14998,0.005137
9.1,4.0,1.202,2.30292,0.005137
9.1,3.98,1.202,2.46391,0.005137
9.1,3.96,1.202,2.63277,0.005136
9.1,3.94,1.202,2.80898,0.005136
9.1,3.92,1.202,2.99217,0.005136
9.1,3.9,1.202,3.1823,0.005136
9.1,3.88,1.202,3.37899,0.005136
9.1,3.86,1.202,3.58197,0.005136
9.1,3.84,1.201,3.79076,0.005135
9.1,3.82,1.201,4.0062,0.005135
9.1,3.8,1.201,4.23959,0.005135
9.1,3.78,1.201,4.52726,0.005135
9.1,3.76,1.201,4.88108,0.005135
9.1,3.74,1.201,5.23514,0.005134
9.1,3.72,1.201,5.53435,0.005134
9.1,3.7,1.201,5.77683,0.005134
9.1,3.68,1.201,5.95559,0.005134
9.1,3.66,1.201,6.09044,0.005134
9.1,3.64,1.201,6.19942,0.005134
9.1,3.62,1.201,6.28375,0.005133
9.1,3.6,1.201,6.35612,0.005133
9.1,3.58,1.201,6.42186,0.005132
9.1,3.56,1.201,6.48225,0.005131
9.1,3.54,1.201,6.53818,0.005131
9.1,3.52,1.201,6.59376,0.00513
9.1,3.5,1.201,6.64933,0.005129
9.1,3.48,1.201,6.70491,0.005129
9.1,3.46,1.201,6.76047,0.005128
9.1,3.44,1.2,6.81604,0.005127
9.1,3.42,1.2,6.8716,0.005127
9.1,3.4,1.2,6.92716,0.005126
9.2,4.9,1.261,2.9E-4,0.004698
9.2,4.88,1.26,3.6E-4,0.004697
9.2,4.86,1.26,4.9E-4,0.004696
9.2,4.84,1.259,8.5E-4,0.004695
9.2,4.82,1.258,0.00236,0.004694
9.2,4.8,1.257,0.00467,0.004693
9.2,4.78,1.256,0.00751,0.004691
9.2,4.76,1.256,0.0112,0.00469
9.2,4.74,1.255,0.01667,0.004688
9.2,4.72,1.254,0.02372,0.004686
9.2,4.7,1.254,0.0321,0.004685
9.2,4.68,1.253,0.04184,0.004683
9.2,4.66,1.253,0.05301,0.004682
9.2,4.64,1.252,0.06568,0.004681
9.2,4.62,1.252,0.07995,0.00468
9.2,4.6,1.251,0.09599,0.004679
9.2,4.58,1.251,0.11395,0.004678
9.2,4.56,1.251,0.13524,0.004677
9.2,4.54,1.249,0.16386,0.004676
9.2,4.52,1.248,0.19642,0.004676
9.2,4.5,1.246,0.22924,0.004676
9.2,4.48,1.245,0.26264,0.004676
9.2,4.46,1.245,0.29754,0.004675
9.2,4.44,1.244,0.33882,0.004675
9.2,4.42,1.243,0.39166,0.00467
9.2,4.4,1.241,0.45035,0.004663
9.2,4.38,1.24,0.51308,0.004657
9.2,4.36,1.239,0.57613,0.004652
9.2,4.34,1.238,0.64227,0.004649
9.2,4.32,1.237,0.70992,0.004646
9.2,4.3,1.236,0.78216,0.004643
9.2,4.28,1.236,0.85524,0.004641
9.2,4.26,1.236,0.93092,0.00464
9.2,4.24,1.236,1.01033,0.00464
9.2,4.22,1.235,1.09363,0.004639
9.2,4.2,1.235,1.18204,0.004638
9.2,4.18,1.235,1.27535,0.004638
9.2,4.16,1.235,1.37409,0.004637
9.2,4.14,1.235,1.47457,0.004636
9.2,4.12,1.235,1.57848,0.004636
9.2,4.1,1.234,1.6892,0.004636
9.2,4.08,1.234,1.80656,0.004635
9.2,4.06,1.234,1.93026,0.004635
9.2,4.04,1.234,2.06012,0.004635
9.2,4.02,1.234,2.19576,0.004634
9.2,4.0,1.234,2.33668,0.004634
9.2,3.98,1.234,2.48273,0.004634
9.2,3.96,1.234,2.63376,0.004634
9.2,3.94,1.234,2.78909,0.004634
9.2,3.92,1.234,2.94835,0.004633
9.2,3.9,1.234,3.11141,0.004633
9.2,3.88,1.234,3.27791,0.004633
9.2,3.86,1.234,3.44711,0.004633
9.2,3.84,1.234,3.61875,0.004633
9.2,3.82,1.234,3.79415,0.004632
9.2,3.8,1.234,3.98589,0.004632
9.2,3.78,1.233,4.2257,0.004632
9.2,3.76,1.233,4.50709,0.004632
9.2,3.74,1.233,4.76902,0.004631
9.2,3.72,1.233,4.97833,0.004631
9.2,3.7,1.233,5.1437,0.004631
9.2,3.68,1.233,5.26138,0.004631
9.2,3.66,1.233,5.34866,0.004631
9.2,3.64,1.233,5.42399,0.004631
9.2,3.62,1.233,5.47782,0.00463
9.2,3.6,1.233,5.53046,0.004629
9.2,3.58,1.233,5.58316,0.004628
9.2,3.56,1.233,5.63588,0.004627
9.2,3.54,1.233,5.68863,0.004626
9.2,3.52,1.233,5.74141,0.004625
9.2,3.5,1.233,5.79422,0.004624
9.2,3.48,1.233,5.84706,0.004623
9.2,3.46,1.233,5.89992,0.004622
9.2,3.44,1.233,5.95281,0.004621
9.2,3.42,1.233,6.00573,0.00462
9.2,3.4,1.233,6.05868,0.004619
9.3,4.9,1.291,3.0E-4,0.004212
9.3,4.88,1.29,3.9E-4,0.004212
9.3,4.86,1.289,5.8E-4,0.004212
9.3,4.84,1.289,0.0012,0.004212
9.3,4.82,1.287,0.00399,0.004212
9.3,4.8,1.286,0.00829,0.004212
9.3,4.78,1.286,0.01354,0.004212
9.3,4.76,1.285,0.01986,0.004212
9.3,4.74,1.284,0.02751,0.004211
9.3,4.72,1.284,0.03652,0.004211
9.3,4.7,1.283,0.0469,0.004211
9.3,4.68,1.283,0.05874,0.004211
9.3,4.66,1.282,0.07217,0.00421
9.3,4.64,1.282,0.08728,0.00421
9.3,4.62,1.282,0.10428,0.00421
9.3,4.6,1.281,0.12332,0.00421
9.3,4.58,1.281,0.14461,0.00421
9.3,4.56,1.28,0.17099,0.004209
9.3,4.54,1.278,0.21116,0.004209
9.3,4.52,1.274,0.25747,0.004211
9.3,4.5,1.272,0.30147,0.004212
9.3,4.48,1.27,0.34339,0.004213
9.3,4.46,1.269,0.385,0.004213
9.3,4.44,1.268,0.4309,0.004214
9.3,4.42,1.267,0.48255,0.004212
9.3,4.4,1.266,0.53795,0.004209
9.3,4.38,1.265,0.59673,0.004206
9.3,4.36,1.264,0.65622,0.004204
9.3,4.34,1.264,0.71859,0.004202
9.3,4.32,1.263,0.78299,0.0042
9.3,4.3,1.263,0.85103,0.004199
9.3,4.28,1.263,0.92067,0.004198
9.3,4.26,1.262,0.99284,0.004198
9.3,4.24,1.262,1.06749,0.004197
9.3,4.22,1.262,1.14484,0.004197
9.3,4.2,1.262,1.22647,0.004197
9.3,4.18,1.262,1.31232,0.004196
9.3,4.16,1.262,1.40261,0.004196
9.3,4.14,1.262,1.49521,0.004196
9.3,4.12,1.262,1.59081,0.004196
9.3,4.1,1.261,1.69104,0.004195
9.3,4.08,1.261,1.7957,0.004195
9.3,4.06,1.261,1.90444,0.004195
9.3,4.04,1.261,2.01704,0.004195
9.3,4.02,1.261,2.13322,0.004195
9.3,4.0,1.261,2.25262,0.004195
9.3,3.98,1.261,2.37508,0.004195
9.3,3.96,1.261,2.50056,0.004195
9.3,3.94,1.261,2.62858,0.004194
9.3,3.92,1.261,2.75877,0.004194
9.3,3.9,1.261,2.89093,0.004194
9.3,3.88,1.261,3.02474,0.004194
9.3,3.86,1.261,3.15976,0.004194
9.3,3.84,1.261,3.29588,0.004194
9.3,3.82,1.261,3.43441,0.004194
9.3,3.8,1.261,3.58606,0.004194
9.3,3.78,1.261,3.7761,0.004194
9.3,3.76,1.261,3.99568,0.004193
9.3,3.74,1.26,4.19496,0.004193
9.3,3.72,1.26,4.35118,0.004193
9.3,3.7,1.26,4.4731,0.004193
9.3,3.68,1.26,4.55886,0.004193
9.3,3.66,1.26,4.62213,0.004193
9.3,3.64,1.26,4.67595,0.004193
9.3,3.62,1.26,4.71395,0.004193
9.3,3.6,1.26,4.7489,0.004192
9.3,3.58,1.26,4.784,0.004192
9.3,3.56,1.26,4.81915,0.004191
9.3,3.54,1.26,4.85435,0.004191
9.3,3.52,1.26,4.8896,0.004191
9.3,3.5,1.26,4.9249,0.00419
9.3,3.48,1.26,4.96025,0.00419
9.3,3.46,1.26,4.99565,0.004189
9.3,3.44,1.26,5.0311,0.004189
9.3,3.42,1.26,5.0666,0.004189
9.3,3.4,1.26,5.10214,0.004188
9.4,4.9,1.321,3.1E-4,0.003726
9.4,4.88,1.32,4.3E-4,0.003727
9.4,4.86,1.319,6.8E-4,0.003728
9.4,4.84,1.318,0.00155,0.003729
9.4,4.82,1.317,0.00562,0.00373
9.4,4.8,1.316,0.01192,0.003731
9.4,4.78,1.315,0.01957,0.003733
9.4,4.76,1.314,0.02852,0.003734
9.4,4.74,1.314,0.03835,0.003735
9.4,4.72,1.313,0.04931,0.003736
9.4,4.7,1.313,0.06171,0.003737
9.4,4.68,1.312,0.07564,0.003738
9.4,4.66,1.312,0.09132,0.003739
9.4,4.64,1.312,0.10889,0.003739
9.4,4.62,1.311,0.1286,0.00374
9.4,4.6,1.311,0.15065,0.003741
9.4,4.58,1.311,0.17527,0.003741
9.4,4.56,1.31,0.20675,0.003742
9.4,4.54,1.307,0.25845,0.003743
9.4,4.52,1.301,0.31852,0.003745
9.4,4.5,1.297,0.3737,0.003748
9.4,4.48,1.295,0.42414,0.00375
9.4,4.46,1.294,0.47247,0.003751
9.4,4.44,1.293,0.52298,0.003753
9.4,4.42,1.292,0.57345,0.003754
9.4,4.4,1.291,0.62556,0.003755
9.4,4.38,1.29,0.68039,0.003755
9.4,4.36,1.29,0.73632,0.003755
9.4,4.34,1.29,0.79492,0.003755
9.4,4.32,1.29,0.85606,0.003755
9.4,4.3,1.289,0.91989,0.003755
9.4,4.28,1.289,0.98611,0.003755
9.4,4.26,1.289,1.05476,0.003755
9.4,4.24,1.289,1.12465,0.003755
9.4,4.22,1.289,1.19605,0.003755
9.4,4.2,1.289,1.27091,0.003755
9.4,4.18,1.289,1.34928,0.003755
9.4,4.16,1.289,1.43113,0.003755
9.4,4.14,1.289,1.51584,0.003755
9.4,4.12,1.288,1.60314,0.003755
9.4,4.1,1.288,1.69287,0.003755
9.4,4.08,1.288,1.78485,0.003755
9.4,4.06,1.288,1.87862,0.003755
9.4,4.04,1.288,1.97396,0.003755
9.4,4.02,1.288,2.07068,0.003755
9.4,4.0,1.288,2.16856,0.003755
9.4,3.98,1.288,2.26744,0.003755
9.4,3.96,1.288,2.36737,0.003755
9.4,3.94,1.288,2.46807,0.003755
9.4,3.92,1.288,2.56919,0.003755
9.4,3.9,1.288,2.67044,0.003755
9.4,3.88,1.288,2.77156,0.003755
9.4,3.86,1.288,2.87241,0.003755
9.4,3.84,1.288,2.97302,0.003755
9.4,3.82,1.288,3.07467,0.003755
9.4,3.8,1.288,3.18623,0.003755
9.4,3.78,1.288,3.32652,0.003755
9.4,3.76,1.288,3.48427,0.003755
9.4,3.74,1.288,3.62091,0.003755
9.4,3.72,1.288,3.72403,0.003755
9.4,3.7,1.288,3.8025,0.003755
9.4,3.68,1.287,3.85635,0.003755
9.4,3.66,1.287,3.8956,0.003755
9.4,3.64,1.287,3.92791,0.003755
9.4,3.62,1.287,3.95009,0.003755
9.4,3.6,1.287,3.96735,0.003755
9.4,3.58,1.287,3.98485,0.003755
9.4,3.56,1.287,4.00243,0.003756
9.4,3.54,1.287,4.02008,0.003756
9.4,3.52,1.287,4.0378,0.003756
9.4,3.5,1.287,4.05559,0.003756
9.4,3.48,1.287,4.07345,0.003757
9.4,3.46,1.287,4.09139,0.003757
9.4,3.44,1.287,4.10939,0.003757
9.4,3.42,1.287,4.12747,0.003757
9.4,3.4,1.287,4.14561,0.003757
9.5,4.9,1.35,3.2E-4,0.00324
9.5,4.88,1.35,4.6E-4,0.003242
9.5,4.86,1.349,7.7E-4,0.003244
9.5,4.84,1.348,0.0019,0.003246
9.5,4.82,1.346,0.00725,0.003249
9.5,4.8,1.345,0.01555,0.003251
9.5,4.78,1.344,0.0256,0.003253
9.5,4.76,1.343,0.03718,0.003256
9.5,4.74,1.343,0.04918,0.003259
9.5,4.72,1.343,0.06211,0.003262
9.5,4.7,1.342,0.07651,0.003264
9.5,4.68,1.342,0.09254,0.003266
9.5,4.66,1.342,0.11047,0.003267
9.5,4.64,1.341,0.13049,0.003269
9.5,4.62,1.341,0.15292,0.00327
9.5,4.6,1.341,0.17798,0.003272
9.5,4.58,1.34,0.20593,0.003273
9.5,4.56,1.34,0.24251,0.003274
9.5,4.54,1.335,0.30575,0.003276
9.5,4.52,1.328,0.37958,0.00328
9.5,4.5,1.323,0.44592,0.003284
9.5,4.48,1.32,0.5049,0.003287
9.5,4.46,1.319,0.55993,0.003289
9.5,4.44,1.317,0.61506,0.003292
9.5,4.42,1.316,0.66434,0.003296
9.5,4.4,1.316,0.71316,0.003301
9.5,4.38,1.316,0.76405,0.003304
9.5,4.36,1.316,0.81641,0.003307
9.5,4.34,1.316,0.87124,0.003308
9.5,4.32,1.316,0.92913,0.00331
9.5,4.3,1.316,0.98875,0.003311
9.5,4.28,1.316,1.05154,0.003312
9.5,4.26,1.316,1.11668,0.003313
9.5,4.24,1.316,1.18181,0.003313
9.5,4.22,1.316,1.24726,0.003313
9.5,4.2,1.316,1.31535,0.003314
9.5,4.18,1.316,1.38625,0.003314
9.5,4.16,1.316,1.45964,0.003314
9.5,4.14,1.315,1.53648,0.003315
9.5,4.12,1.315,1.61547,0.003315
9.5,4.1,1.315,1.6947,0.003315
9.5,4.08,1.315,1.77399,0.003315
9.5,4.06,1.315,1.8528,0.003315
9.5,4.04,1.315,1.93087,0.003316
9.5,4.02,1.315,2.00814,0.003316
9.5,4.0,1.315,2.08449,0.003316
9.5,3.98,1.315,2.15979,0.003316
9.5,3.96,1.315,2.23418,0.003316
9.5,3.94,1.315,2.30757,0.003316
9.5,3.92,1.315,2.37961,0.003316
9.5,3.9,1.315,2.44996,0.003316
9.5,3.88,1.315,2.51839,0.003317
9.5,3.86,1.315,2.58506,0.003317
9.5,3.84,1.315,2.65015,0.003317
9.5,3.82,1.315,2.71492,0.003317
9.5,3.8,1.315,2.7864,0.003317
9.5,3.78,1.315,2.87693,0.003317
9.5,3.76,1.315,2.97286,0.003317
9.5,3.74,1.315,3.04686,0.003317
9.5,3.72,1.315,3.09688,0.003317
9.5,3.7,1.315,3.1319,0.003318
9.5,3.68,1.315,3.15383,0.003318
9.5,3.66,1.315,3.16907,0.003318
9.5,3.64,1.315,3.17986,0.003318
9.5,3.62,1.315,3.18621,0.003318
9.5,3.6,1.315,3.18578,0.003318
9.5,3.58,1.314,3.18569,0.003319
9.5,3.56,1.314,3.1857,0.00332
9.5,3.54,1.314,3.18579,0.003321
9.5,3.52,1.314,3.18598,0.003322
9.5,3.5,1.314,3.18627,0.003322
9.5,3.48,1.314,3.18664,0.003323
9.5,3.46,1.314,3.18711,0.003324
9.5,3.44,1.314,3.18768,0.003325
9.5,3.42,1.314,3.18833,0.003326
9.5,3.4,1.314,3.18908,0.003327
